id,CONSUMO_EP_VALOR
33554,161.0
9428,161.0
200,161.0
12448,161.0
39490,161.0
42725,161.0
10823,161.0
49499,161.0
4145,161.0
36959,161.0
43107,161.0
38696,161.0
6189,161.0
1415,161.0
18472,161.0
29283,161.0
15178,161.0
34305,161.0
12610,161.0
12145,161.0
6114,161.0
15909,161.0
822,161.0
15119,161.0
13467,161.0
26498,161.0
42112,161.0
30189,161.0
37238,161.0
33110,161.0
36481,161.0
24149,161.0
5504,161.0
3919,161.0
38479,161.0
21124,161.0
49718,161.0
42295,161.0
47610,161.0
11077,161.0
41515,161.0
22063,161.0
9414,161.0
38341,161.0
30264,161.0
41253,161.0
14645,161.0
26336,161.0
28103,161.0
17524,161.0
24713,161.0
40486,161.0
3851,161.0
40041,161.0
15268,161.0
49147,161.0
30002,161.0
45927,161.0
43825,161.0
17241,161.0
4893,161.0
726,161.0
22950,161.0
34658,161.0
37214,161.0
20305,161.0
15270,161.0
22368,161.0
42685,161.0
46735,161.0
11733,161.0
18620,161.0
48493,161.0
26804,161.0
44306,161.0
47523,161.0
32208,161.0
2531,161.0
17747,161.0
8271,161.0
15080,161.0
13625,161.0
30639,161.0
30441,161.0
36057,161.0
42652,161.0
36804,161.0
48225,161.0
29227,161.0
5634,161.0
5988,161.0
48064,161.0
1813,161.0
27579,161.0
16824,161.0
3929,161.0
37287,161.0
25046,161.0
15728,161.0
29601,161.0
10431,161.0
25769,161.0
29104,161.0
36538,161.0
39329,161.0
35540,161.0
28076,161.0
17841,161.0
27803,161.0
7683,161.0
24280,161.0
33071,161.0
35558,161.0
37190,161.0
47150,161.0
46916,161.0
9802,161.0
38801,161.0
24670,161.0
44234,161.0
31920,161.0
7135,161.0
33705,161.0
29661,161.0
17894,161.0
22019,161.0
13539,161.0
43119,161.0
36421,161.0
9406,161.0
13414,161.0
6721,161.0
15602,161.0
44744,161.0
31139,161.0
2730,161.0
38243,161.0
29626,161.0
47895,161.0
42091,161.0
36400,161.0
6245,161.0
5546,161.0
4065,161.0
12852,161.0
21803,161.0
41164,161.0
6233,161.0
3863,161.0
35095,161.0
40196,161.0
39251,161.0
6218,161.0
36776,161.0
42977,161.0
48468,161.0
14832,161.0
30093,161.0
8894,161.0
6021,161.0
46089,161.0
15243,161.0
45308,161.0
26551,161.0
6035,161.0
7906,161.0
32226,161.0
6018,161.0
21880,161.0
2792,161.0
42606,161.0
5824,161.0
15388,161.0
29562,161.0
39476,161.0
293,161.0
16958,161.0
30861,161.0
14074,161.0
21857,161.0
22080,161.0
17024,161.0
8740,161.0
15826,161.0
2742,161.0
18049,161.0
49937,161.0
17373,161.0
22022,161.0
46365,161.0
23538,161.0
45500,161.0
40186,161.0
9614,161.0
43282,161.0
37892,161.0
26179,161.0
45893,161.0
20934,161.0
40972,161.0
22225,161.0
24382,161.0
34856,161.0
48578,161.0
38537,161.0
31756,161.0
7754,161.0
46639,161.0
43835,161.0
26236,161.0
44230,161.0
49597,161.0
18553,161.0
43137,161.0
36673,161.0
43650,161.0
3941,161.0
31497,161.0
26594,161.0
23922,161.0
26403,161.0
45943,161.0
48526,161.0
18316,161.0
36894,161.0
26696,161.0
42128,161.0
14171,161.0
3733,161.0
7882,161.0
6017,161.0
23030,161.0
35474,161.0
49686,161.0
4818,161.0
41694,161.0
12008,161.0
41328,161.0
9507,161.0
44799,161.0
34063,161.0
27475,161.0
31144,161.0
21236,161.0
1391,161.0
38250,161.0
37625,161.0
42029,161.0
20835,161.0
14758,161.0
26397,161.0
6809,161.0
9226,161.0
48395,161.0
5396,161.0
6944,161.0
23871,161.0
32493,161.0
36346,161.0
10756,161.0
12302,161.0
48387,161.0
42746,161.0
29090,161.0
44713,161.0
14344,161.0
38173,161.0
5072,161.0
24122,161.0
48810,161.0
17821,161.0
1123,161.0
11265,161.0
30580,161.0
45465,161.0
48217,161.0
43045,161.0
15657,161.0
1901,161.0
148,161.0
29643,161.0
3212,161.0
43851,161.0
2355,161.0
31521,161.0
42584,161.0
43338,161.0
45285,161.0
46957,161.0
48791,161.0
36586,161.0
10466,161.0
7822,161.0
7206,161.0
6414,161.0
34047,161.0
12729,161.0
6926,161.0
27996,161.0
37613,161.0
39484,161.0
3017,161.0
1641,161.0
8884,161.0
37602,161.0
12970,161.0
23464,161.0
15758,161.0
44077,161.0
4087,161.0
509,161.0
6355,161.0
29645,161.0
20816,161.0
6235,161.0
31990,161.0
12996,161.0
42502,161.0
38921,161.0
263,161.0
7892,161.0
10528,161.0
18601,161.0
24115,161.0
33499,161.0
13472,161.0
31726,161.0
23691,161.0
10558,161.0
6557,161.0
45578,161.0
41504,161.0
27873,161.0
10811,161.0
38215,161.0
11731,161.0
27439,161.0
21780,161.0
34080,161.0
22916,161.0
8086,161.0
43468,161.0
14710,161.0
15467,161.0
37173,161.0
28749,161.0
3105,161.0
709,161.0
38386,161.0
23445,161.0
26511,161.0
8467,161.0
6231,161.0
46359,161.0
39358,161.0
16387,161.0
34166,161.0
4169,161.0
5804,161.0
12754,161.0
2190,161.0
12188,161.0
31728,161.0
19246,161.0
37867,161.0
43515,161.0
8719,161.0
28825,161.0
24469,161.0
48253,161.0
7202,161.0
9283,161.0
26821,161.0
27374,161.0
22493,161.0
45638,161.0
45880,161.0
29340,161.0
46548,161.0
10804,161.0
20965,161.0
30033,161.0
5223,161.0
660,161.0
33246,161.0
5866,161.0
48872,161.0
22986,161.0
28881,161.0
47088,161.0
26528,161.0
9648,161.0
49546,161.0
32375,161.0
26159,161.0
11712,161.0
27239,161.0
18354,161.0
49515,161.0
21725,161.0
25925,161.0
41390,161.0
4773,161.0
35205,161.0
27879,161.0
5875,161.0
17805,161.0
34224,161.0
7842,161.0
15923,161.0
28367,161.0
12084,161.0
20034,161.0
14488,161.0
20819,161.0
37518,161.0
44236,161.0
48651,161.0
36236,161.0
21070,161.0
9524,161.0
32756,161.0
12054,161.0
23594,161.0
8038,161.0
46977,161.0
16400,161.0
45786,161.0
34616,161.0
7625,161.0
13662,161.0
37737,161.0
26542,161.0
13268,161.0
18083,161.0
48086,161.0
42768,161.0
4071,161.0
16287,161.0
1119,161.0
10075,161.0
11374,161.0
32685,161.0
46434,161.0
25350,161.0
6716,161.0
34568,161.0
1031,161.0
22754,161.0
11762,161.0
35897,161.0
14493,161.0
25086,161.0
20396,161.0
4814,161.0
8995,161.0
49692,161.0
21375,161.0
30243,161.0
47579,161.0
1165,161.0
24811,161.0
21110,161.0
3698,161.0
11439,161.0
4470,161.0
9808,161.0
47768,161.0
6749,161.0
49185,161.0
17379,161.0
36885,161.0
13357,161.0
32405,161.0
42455,161.0
46066,161.0
11539,161.0
2009,161.0
3222,161.0
44997,161.0
18763,161.0
14166,161.0
40684,161.0
25081,161.0
1823,161.0
44662,161.0
6849,161.0
12636,161.0
37669,161.0
6096,161.0
39249,161.0
10578,161.0
31075,161.0
29113,161.0
10193,161.0
315,161.0
11450,161.0
30746,161.0
29703,161.0
27659,161.0
23686,161.0
28376,161.0
3086,161.0
49372,161.0
3752,161.0
5049,161.0
29187,161.0
30709,161.0
20147,161.0
32250,161.0
4970,161.0
30526,161.0
18495,161.0
38065,161.0
41837,161.0
32753,161.0
20074,161.0
26274,161.0
13650,161.0
25534,161.0
17522,161.0
25481,161.0
48235,161.0
48788,161.0
32390,161.0
5087,161.0
17253,161.0
4040,161.0
18387,161.0
4247,161.0
18628,161.0
880,161.0
23299,161.0
29753,161.0
30173,161.0
28560,161.0
18864,161.0
43344,161.0
34211,161.0
26084,161.0
1942,161.0
22226,161.0
44692,161.0
43240,161.0
23860,161.0
14159,161.0
33876,161.0
48105,161.0
23450,161.0
6624,161.0
38265,161.0
26242,161.0
47592,161.0
24156,161.0
32059,161.0
9332,161.0
43565,161.0
3494,161.0
4879,161.0
47063,161.0
999,161.0
37087,161.0
36438,161.0
34750,161.0
28617,161.0
37096,161.0
22811,161.0
7143,161.0
21559,161.0
9936,161.0
4789,161.0
30511,161.0
31190,161.0
20084,161.0
10824,161.0
673,161.0
15595,161.0
43049,161.0
21912,161.0
11869,161.0
34691,161.0
11322,161.0
44212,161.0
24615,161.0
12006,161.0
3940,161.0
4614,161.0
36760,161.0
31459,161.0
44953,161.0
4348,161.0
39328,161.0
49923,161.0
22394,161.0
3157,161.0
29918,161.0
37224,161.0
13479,161.0
13872,161.0
38556,161.0
25330,161.0
44685,161.0
986,161.0
37140,161.0
35034,161.0
23731,161.0
7531,161.0
44395,161.0
32949,161.0
30878,161.0
29931,161.0
23416,161.0
6060,161.0
23680,161.0
15941,161.0
6949,161.0
30096,161.0
41340,161.0
49599,161.0
33184,161.0
16581,161.0
1389,161.0
21351,161.0
49751,161.0
34432,161.0
24455,161.0
40360,161.0
18578,161.0
33452,161.0
47853,161.0
5,161.0
29183,161.0
8231,161.0
5947,161.0
7823,161.0
19487,161.0
15385,161.0
41100,161.0
18184,161.0
27162,161.0
11646,161.0
24391,161.0
4851,161.0
47436,161.0
42207,161.0
45341,161.0
28170,161.0
3420,161.0
42591,161.0
38735,161.0
36720,161.0
29498,161.0
4363,161.0
4029,161.0
3427,161.0
20269,161.0
20058,161.0
11479,161.0
47945,161.0
29393,161.0
29047,161.0
8565,161.0
39507,161.0
49805,161.0
25450,161.0
34922,161.0
30478,161.0
13520,161.0
34008,161.0
21316,161.0
42425,161.0
48901,161.0
47633,161.0
49789,161.0
44232,161.0
10724,161.0
13155,161.0
13763,161.0
42812,161.0
30804,161.0
36261,161.0
21437,161.0
25971,161.0
32204,161.0
7181,161.0
41281,161.0
28087,161.0
13702,161.0
1004,161.0
9059,161.0
44235,161.0
25675,161.0
45056,161.0
35144,161.0
38163,161.0
22477,161.0
23007,161.0
45344,161.0
36128,161.0
49710,161.0
13099,161.0
37196,161.0
4108,161.0
41336,161.0
25223,161.0
35840,161.0
29719,161.0
46953,161.0
29828,161.0
17543,161.0
24916,161.0
4514,161.0
19937,161.0
46525,161.0
24511,161.0
27442,161.0
12002,161.0
23354,161.0
27293,161.0
34204,161.0
12148,161.0
15292,161.0
46880,161.0
8691,161.0
12654,161.0
31470,161.0
2955,161.0
3004,161.0
15814,161.0
6657,161.0
12774,161.0
39531,161.0
34408,161.0
8837,161.0
14618,161.0
22836,161.0
15981,161.0
37916,161.0
1571,161.0
35908,161.0
26090,161.0
20914,161.0
9958,161.0
18276,161.0
15432,161.0
23494,161.0
15790,161.0
35780,161.0
11981,161.0
44906,161.0
35763,161.0
27093,161.0
46835,161.0
33438,161.0
47381,161.0
1591,161.0
26756,161.0
21759,161.0
3002,161.0
44112,161.0
43520,161.0
629,161.0
20737,161.0
11903,161.0
6367,161.0
17133,161.0
9479,161.0
41871,161.0
12933,161.0
13642,161.0
19627,161.0
9952,161.0
28963,161.0
28446,161.0
19699,161.0
44224,161.0
2997,161.0
13638,161.0
22471,161.0
36087,161.0
28918,161.0
17650,161.0
27956,161.0
2855,161.0
13390,161.0
13049,161.0
22333,161.0
30578,161.0
34735,161.0
19539,161.0
39587,161.0
5573,161.0
47751,161.0
30964,161.0
35496,161.0
20263,161.0
44660,161.0
21746,161.0
47249,161.0
36228,161.0
28787,161.0
35620,161.0
46000,161.0
49513,161.0
44515,161.0
28684,161.0
31549,161.0
31965,161.0
9434,161.0
22374,161.0
21623,161.0
12452,161.0
11800,161.0
31389,161.0
20769,161.0
4829,161.0
14590,161.0
1508,161.0
18613,161.0
19303,161.0
38310,161.0
1739,161.0
35876,161.0
47068,161.0
5115,161.0
24907,161.0
7636,161.0
14399,161.0
36171,161.0
9184,161.0
36797,161.0
37623,161.0
1656,161.0
4327,161.0
27378,161.0
19045,161.0
44329,161.0
9662,161.0
15915,161.0
25467,161.0
13611,161.0
11671,161.0
1220,161.0
38864,161.0
12558,161.0
39144,161.0
35509,161.0
11853,161.0
13239,161.0
29951,161.0
27985,161.0
22091,161.0
48990,161.0
40640,161.0
28912,161.0
8571,161.0
38432,161.0
40526,161.0
35550,161.0
29488,161.0
26038,161.0
19371,161.0
44735,161.0
6916,161.0
14999,161.0
16751,161.0
29960,161.0
28857,161.0
38912,161.0
5844,161.0
15770,161.0
27099,161.0
34727,161.0
20931,161.0
12314,161.0
8294,161.0
49409,161.0
22320,161.0
20487,161.0
22611,161.0
12466,161.0
41513,161.0
48610,161.0
17673,161.0
8566,161.0
42906,161.0
33295,161.0
12929,161.0
8384,161.0
26547,161.0
21161,161.0
25332,161.0
417,161.0
38314,161.0
40759,161.0
1407,161.0
27989,161.0
20658,161.0
46982,161.0
29902,161.0
32870,161.0
21614,161.0
18693,161.0
14463,161.0
13530,161.0
29805,161.0
1445,161.0
18219,161.0
45064,161.0
30647,161.0
49168,161.0
39990,161.0
44756,161.0
48346,161.0
42970,161.0
20420,161.0
10897,161.0
45621,161.0
36350,161.0
19313,161.0
5583,161.0
6683,161.0
30680,161.0
28389,161.0
6848,161.0
15982,161.0
33676,161.0
47504,161.0
7566,161.0
20729,161.0
7412,161.0
25355,161.0
47739,161.0
9759,161.0
9768,161.0
7134,161.0
28594,161.0
41210,161.0
23112,161.0
44347,161.0
22810,161.0
20508,161.0
45706,161.0
21762,161.0
21496,161.0
11505,161.0
32457,161.0
44210,161.0
43813,161.0
18265,161.0
41115,161.0
20035,161.0
10076,161.0
37297,161.0
14277,161.0
35781,161.0
16871,161.0
4230,161.0
49030,161.0
168,161.0
14447,161.0
36717,161.0
36165,161.0
14474,161.0
44427,161.0
46117,161.0
30626,161.0
9961,161.0
38723,161.0
28345,161.0
16438,161.0
8854,161.0
17364,161.0
4581,161.0
47304,161.0
44680,161.0
15193,161.0
31448,161.0
5526,161.0
39228,161.0
3468,161.0
15074,161.0
48706,161.0
13610,161.0
18786,161.0
39758,161.0
24217,161.0
33986,161.0
11626,161.0
12137,161.0
12629,161.0
28348,161.0
43512,161.0
5873,161.0
48244,161.0
33982,161.0
31261,161.0
12293,161.0
42287,161.0
13665,161.0
12951,161.0
31757,161.0
14514,161.0
20458,161.0
41547,161.0
851,161.0
34768,161.0
24913,161.0
17970,161.0
28377,161.0
9890,161.0
46456,161.0
38500,161.0
16248,161.0
8787,161.0
35430,161.0
19104,161.0
44143,161.0
14787,161.0
18217,161.0
29737,161.0
18195,161.0
42356,161.0
20186,161.0
38611,161.0
22656,161.0
31786,161.0
36667,161.0
44905,161.0
6080,161.0
15556,161.0
48062,161.0
24408,161.0
44889,161.0
6425,161.0
46203,161.0
42285,161.0
45699,161.0
41461,161.0
28418,161.0
18151,161.0
30624,161.0
3151,161.0
18185,161.0
26731,161.0
12515,161.0
36056,161.0
40833,161.0
34374,161.0
45453,161.0
34308,161.0
46162,161.0
37976,161.0
21233,161.0
20327,161.0
27005,161.0
45594,161.0
25848,161.0
7440,161.0
37341,161.0
10027,161.0
20966,161.0
7285,161.0
30275,161.0
49968,161.0
31159,161.0
15618,161.0
9619,161.0
28873,161.0
37268,161.0
18811,161.0
32954,161.0
29894,161.0
32505,161.0
27732,161.0
31314,161.0
31845,161.0
4274,161.0
47404,161.0
23362,161.0
2323,161.0
14973,161.0
16452,161.0
14546,161.0
19314,161.0
23671,161.0
37050,161.0
45913,161.0
26320,161.0
33922,161.0
6323,161.0
466,161.0
3254,161.0
10987,161.0
14751,161.0
14785,161.0
565,161.0
43127,161.0
12725,161.0
33808,161.0
7299,161.0
25389,161.0
19686,161.0
34489,161.0
37828,161.0
3594,161.0
12401,161.0
29940,161.0
24855,161.0
21776,161.0
38919,161.0
7526,161.0
8902,161.0
24779,161.0
40304,161.0
39666,161.0
31513,161.0
26723,161.0
11905,161.0
32150,161.0
48832,161.0
21258,161.0
43773,161.0
42847,161.0
32749,161.0
34536,161.0
31921,161.0
34537,161.0
9074,161.0
2339,161.0
17027,161.0
20215,161.0
10993,161.0
16340,161.0
49127,161.0
42628,161.0
43377,161.0
7271,161.0
26458,161.0
16282,161.0
8727,161.0
24193,161.0
29728,161.0
1567,161.0
43977,161.0
11754,161.0
37023,161.0
34921,161.0
13366,161.0
37399,161.0
36169,161.0
12426,161.0
645,161.0
1040,161.0
28077,161.0
11215,161.0
333,161.0
6484,161.0
45639,161.0
32733,161.0
8179,161.0
16759,161.0
47722,161.0
33288,161.0
45683,161.0
47934,161.0
35573,161.0
28810,161.0
20362,161.0
4450,161.0
47535,161.0
18204,161.0
18727,161.0
28132,161.0
12916,161.0
46304,161.0
39062,161.0
15510,161.0
16422,161.0
2575,161.0
38351,161.0
34003,161.0
10601,161.0
6937,161.0
34097,161.0
38823,161.0
30889,161.0
1499,161.0
29446,161.0
29518,161.0
32132,161.0
31915,161.0
20538,161.0
31680,161.0
28407,161.0
49271,161.0
47069,161.0
28692,161.0
48330,161.0
41821,161.0
13535,161.0
35459,161.0
4860,161.0
30932,161.0
14075,161.0
39012,161.0
15445,161.0
42645,161.0
42825,161.0
485,161.0
40140,161.0
35249,161.0
47553,161.0
35752,161.0
31135,161.0
19233,161.0
14476,161.0
29801,161.0
31802,161.0
24676,161.0
5237,161.0
28202,161.0
8043,161.0
3768,161.0
31210,161.0
22330,161.0
37278,161.0
29833,161.0
7525,161.0
6808,161.0
11099,161.0
4730,161.0
6770,161.0
23258,161.0
9554,161.0
11911,161.0
25134,161.0
19367,161.0
16003,161.0
1645,161.0
45781,161.0
20135,161.0
28822,161.0
27637,161.0
40658,161.0
3280,161.0
43954,161.0
39538,161.0
44981,161.0
22666,161.0
8249,161.0
16167,161.0
31709,161.0
37418,161.0
38543,161.0
38706,161.0
40565,161.0
26085,161.0
17005,161.0
42437,161.0
6706,161.0
10173,161.0
22086,161.0
48744,161.0
5153,161.0
13060,161.0
17722,161.0
42214,161.0
24802,161.0
20156,161.0
5147,161.0
32730,161.0
49253,161.0
49477,161.0
39443,161.0
43121,161.0
18577,161.0
41585,161.0
35109,161.0
36718,161.0
20617,161.0
17769,161.0
16398,161.0
1233,161.0
40280,161.0
11070,161.0
32394,161.0
9431,161.0
17864,161.0
34418,161.0
44845,161.0
27617,161.0
13035,161.0
1604,161.0
25037,161.0
43369,161.0
8538,161.0
28602,161.0
30645,161.0
37322,161.0
17285,161.0
8376,161.0
32583,161.0
49233,161.0
15351,161.0
42886,161.0
33627,161.0
1537,161.0
42912,161.0
21191,161.0
1182,161.0
6584,161.0
11500,161.0
30781,161.0
10127,161.0
13023,161.0
34213,161.0
48908,161.0
21229,161.0
4456,161.0
8441,161.0
5713,161.0
27663,161.0
19825,161.0
31176,161.0
11710,161.0
15720,161.0
20476,161.0
18425,161.0
9550,161.0
43966,161.0
31207,161.0
12968,161.0
41471,161.0
46711,161.0
9294,161.0
38336,161.0
18615,161.0
38275,161.0
4520,161.0
22110,161.0
42243,161.0
18223,161.0
45396,161.0
4885,161.0
4507,161.0
42664,161.0
25812,161.0
11125,161.0
665,161.0
19131,161.0
40411,161.0
18300,161.0
6685,161.0
502,161.0
28099,161.0
44872,161.0
32651,161.0
41289,161.0
33571,161.0
31893,161.0
49651,161.0
48952,161.0
18088,161.0
11179,161.0
19603,161.0
13252,161.0
16417,161.0
23207,161.0
39881,161.0
39376,161.0
11437,161.0
45270,161.0
29464,161.0
6737,161.0
20687,161.0
17050,161.0
45512,161.0
4845,161.0
3273,161.0
32714,161.0
33178,161.0
49771,161.0
31808,161.0
33270,161.0
16096,161.0
8905,161.0
8407,161.0
5013,161.0
4244,161.0
15419,161.0
41124,161.0
29756,161.0
32164,161.0
31980,161.0
36444,161.0
16482,161.0
1115,161.0
14876,161.0
6267,161.0
39209,161.0
32427,161.0
11918,161.0
23181,161.0
41354,161.0
35149,161.0
30573,161.0
47807,161.0
45286,161.0
42791,161.0
20997,161.0
34299,161.0
22049,161.0
2529,161.0
30519,161.0
29541,161.0
27441,161.0
43855,161.0
26939,161.0
2985,161.0
14774,161.0
27928,161.0
22426,161.0
26390,161.0
42169,161.0
45903,161.0
19186,161.0
18987,161.0
29621,161.0
20561,161.0
35150,161.0
24235,161.0
15434,161.0
2864,161.0
23220,161.0
16663,161.0
15768,161.0
14479,161.0
9956,161.0
31403,161.0
21050,161.0
34970,161.0
24269,161.0
23205,161.0
3378,161.0
1600,161.0
477,161.0
10799,161.0
8640,161.0
22143,161.0
22183,161.0
9933,161.0
21047,161.0
45443,161.0
36232,161.0
43953,161.0
38327,161.0
38593,161.0
17782,161.0
29876,161.0
31071,161.0
22257,161.0
9460,161.0
10666,161.0
8332,161.0
25866,161.0
48002,161.0
17555,161.0
38887,161.0
28591,161.0
15303,161.0
27981,161.0
19594,161.0
11840,161.0
19063,161.0
26701,161.0
39869,161.0
18827,161.0
44783,161.0
13474,161.0
1812,161.0
5577,161.0
13605,161.0
45815,161.0
19288,161.0
45445,161.0
2214,161.0
27631,161.0
43905,161.0
30732,161.0
21256,161.0
22983,161.0
16040,161.0
2673,161.0
29364,161.0
2609,161.0
20497,161.0
47609,161.0
5160,161.0
39382,161.0
35577,161.0
34235,161.0
32778,161.0
11402,161.0
10505,161.0
33527,161.0
41590,161.0
5755,161.0
44771,161.0
22012,161.0
45389,161.0
20938,161.0
21935,161.0
8035,161.0
7127,161.0
47616,161.0
47791,161.0
46123,161.0
35847,161.0
34583,161.0
13083,161.0
40647,161.0
21906,161.0
25239,161.0
35976,161.0
6497,161.0
43694,161.0
33525,161.0
20702,161.0
13313,161.0
10037,161.0
14165,161.0
31155,161.0
24949,161.0
35309,161.0
47764,161.0
32908,161.0
45610,161.0
5254,161.0
19105,161.0
32806,161.0
40517,161.0
3883,161.0
22989,161.0
31225,161.0
3419,161.0
38930,161.0
23542,161.0
26355,161.0
19772,161.0
10190,161.0
44563,161.0
44561,161.0
44945,161.0
5196,161.0
37256,161.0
31611,161.0
2192,161.0
31040,161.0
46777,161.0
7786,161.0
46173,161.0
42979,161.0
48127,161.0
3155,161.0
22796,161.0
29896,161.0
16913,161.0
41043,161.0
42716,161.0
7442,161.0
12849,161.0
12620,161.0
19747,161.0
1423,161.0
26895,161.0
6066,161.0
37617,161.0
37029,161.0
43198,161.0
29229,161.0
29836,161.0
22686,161.0
22342,161.0
45714,161.0
34760,161.0
5216,161.0
48813,161.0
44918,161.0
39365,161.0
47379,161.0
2900,161.0
13308,161.0
18862,161.0
14161,161.0
15154,161.0
2562,161.0
7309,161.0
19224,161.0
39544,161.0
33681,161.0
39098,161.0
44841,161.0
44615,161.0
27192,161.0
17477,161.0
14804,161.0
26838,161.0
10263,161.0
44191,161.0
43279,161.0
30949,161.0
42990,161.0
19710,161.0
28469,161.0
544,161.0
23823,161.0
28067,161.0
34416,161.0
39628,161.0
1164,161.0
29747,161.0
2211,161.0
23002,161.0
32301,161.0
46321,161.0
28828,161.0
44405,161.0
18199,161.0
1902,161.0
37461,161.0
17693,161.0
28201,161.0
24783,161.0
28969,161.0
38889,161.0
35969,161.0
30876,161.0
38949,161.0
15360,161.0
42752,161.0
44470,161.0
19715,161.0
11608,161.0
36168,161.0
35572,161.0
30442,161.0
39647,161.0
45247,161.0
10435,161.0
45592,161.0
33541,161.0
4163,161.0
24262,161.0
27619,161.0
17467,161.0
2442,161.0
6212,161.0
16369,161.0
6897,161.0
27591,161.0
27722,161.0
6401,161.0
46283,161.0
30128,161.0
19028,161.0
33822,161.0
32757,161.0
47478,161.0
31633,161.0
18559,161.0
16626,161.0
17532,161.0
37648,161.0
33396,161.0
17828,161.0
14428,161.0
1006,161.0
5489,161.0
45616,161.0
17407,161.0
455,161.0
4245,161.0
39506,161.0
43384,161.0
34293,161.0
41414,161.0
44592,161.0
31954,161.0
29981,161.0
9392,161.0
22339,161.0
11709,161.0
12967,161.0
45665,161.0
12825,161.0
29862,161.0
36408,161.0
19205,161.0
7777,161.0
35973,161.0
46216,161.0
26543,161.0
26717,161.0
41854,161.0
15470,161.0
27056,161.0
11063,161.0
12111,161.0
14519,161.0
37533,161.0
33613,161.0
13434,161.0
3054,161.0
17453,161.0
27506,161.0
48931,161.0
20001,161.0
39080,161.0
9274,161.0
10135,161.0
2983,161.0
31600,161.0
47438,161.0
40224,161.0
5771,161.0
34871,161.0
29000,161.0
16321,161.0
38545,161.0
14816,161.0
17963,161.0
23648,161.0
8480,161.0
22896,161.0
18854,161.0
39475,161.0
9354,161.0
25043,161.0
46016,161.0
2758,161.0
12215,161.0
23492,161.0
28028,161.0
4129,161.0
30612,161.0
7916,161.0
27688,161.0
25573,161.0
2183,161.0
29966,161.0
26217,161.0
4823,161.0
2111,161.0
20932,161.0
25271,161.0
177,161.0
5684,161.0
47938,161.0
32859,161.0
28222,161.0
28531,161.0
15850,161.0
23745,161.0
43284,161.0
20614,161.0
27820,161.0
38873,161.0
27588,161.0
41890,161.0
23873,161.0
10916,161.0
22990,161.0
47402,161.0
20375,161.0
24684,161.0
8054,161.0
1742,161.0
25117,161.0
24185,161.0
13632,161.0
4304,161.0
21988,161.0
35720,161.0
23461,161.0
10445,161.0
42407,161.0
15710,161.0
33010,161.0
10280,161.0
20946,161.0
5654,161.0
4817,161.0
36891,161.0
39174,161.0
15057,161.0
13944,161.0
21682,161.0
35500,161.0
11029,161.0
4449,161.0
39839,161.0
42197,161.0
32526,161.0
30353,161.0
27615,161.0
20950,161.0
45485,161.0
38588,161.0
17250,161.0
3432,161.0
46131,161.0
1793,161.0
4866,161.0
27416,161.0
17915,161.0
37333,161.0
7593,161.0
47135,161.0
44991,161.0
40269,161.0
5170,161.0
35152,161.0
46636,161.0
32958,161.0
40262,161.0
11808,161.0
42049,161.0
2711,161.0
12884,161.0
46276,161.0
44109,161.0
5228,161.0
34402,161.0
46087,161.0
5187,161.0
13710,161.0
18173,161.0
39230,161.0
2580,161.0
35601,161.0
38533,161.0
29485,161.0
25443,161.0
46698,161.0
1585,161.0
47460,161.0
18330,161.0
8189,161.0
8932,161.0
33141,161.0
21589,161.0
30814,161.0
45261,161.0
4868,161.0
9101,161.0
21007,161.0
42996,161.0
28564,161.0
41966,161.0
21029,161.0
21398,161.0
30759,161.0
26870,161.0
1705,161.0
41474,161.0
49579,161.0
47743,161.0
11569,161.0
31449,161.0
30879,161.0
34155,161.0
8408,161.0
45877,161.0
10017,161.0
11045,161.0
28438,161.0
27225,161.0
25454,161.0
4422,161.0
1277,161.0
27244,161.0
331,161.0
20295,161.0
2433,161.0
6348,161.0
31810,161.0
23469,161.0
17392,161.0
36045,161.0
39581,161.0
20256,161.0
26720,161.0
9726,161.0
42726,161.0
14846,161.0
4884,161.0
40466,161.0
41337,161.0
9799,161.0
16430,161.0
4265,161.0
28502,161.0
48837,161.0
19786,161.0
15632,161.0
11902,161.0
16113,161.0
3716,161.0
43726,161.0
1181,161.0
6068,161.0
36254,161.0
41884,161.0
950,161.0
36503,161.0
8201,161.0
49181,161.0
48905,161.0
48862,161.0
42700,161.0
44391,161.0
12147,161.0
29209,161.0
37982,161.0
20970,161.0
7991,161.0
4673,161.0
4460,161.0
25594,161.0
11114,161.0
34681,161.0
15869,161.0
31414,161.0
13621,161.0
4156,161.0
27885,161.0
16930,161.0
26670,161.0
46227,161.0
29243,161.0
27540,161.0
25150,161.0
20795,161.0
18685,161.0
44362,161.0
13327,161.0
34830,161.0
29953,161.0
22772,161.0
16948,161.0
7709,161.0
21156,161.0
2361,161.0
49376,161.0
33642,161.0
34695,161.0
49724,161.0
36526,161.0
12007,161.0
31490,161.0
39708,161.0
17009,161.0
26176,161.0
30834,161.0
21445,161.0
43180,161.0
29988,161.0
30722,161.0
24788,161.0
44492,161.0
44779,161.0
32430,161.0
10990,161.0
22848,161.0
6677,161.0
14529,161.0
15810,161.0
3503,161.0
11949,161.0
11210,161.0
4109,161.0
5036,161.0
43563,161.0
18273,161.0
47263,161.0
2523,161.0
23167,161.0
24677,161.0
38154,161.0
7169,161.0
12366,161.0
21083,161.0
43742,161.0
39136,161.0
33583,161.0
31703,161.0
38238,161.0
22359,161.0
48247,161.0
5930,161.0
38283,161.0
40524,161.0
14750,161.0
11035,161.0
25201,161.0
29459,161.0
1176,161.0
38938,161.0
48126,161.0
47643,161.0
6050,161.0
35665,161.0
38145,161.0
33826,161.0
25387,161.0
41042,161.0
24933,161.0
9764,161.0
36882,161.0
3777,161.0
10004,161.0
13034,161.0
19664,161.0
3038,161.0
46902,161.0
7064,161.0
4234,161.0
27605,161.0
19647,161.0
4983,161.0
21177,161.0
48272,161.0
470,161.0
12860,161.0
33450,161.0
18379,161.0
25310,161.0
24709,161.0
29071,161.0
4776,161.0
25025,161.0
33433,161.0
17076,161.0
18055,161.0
11669,161.0
1098,161.0
5371,161.0
39073,161.0
30514,161.0
1283,161.0
37581,161.0
41092,161.0
12582,161.0
39516,161.0
48075,161.0
15478,161.0
5523,161.0
23812,161.0
48467,161.0
33047,161.0
38196,161.0
21194,161.0
45272,161.0
10742,161.0
48560,161.0
25842,161.0
43817,161.0
843,161.0
10055,161.0
2060,161.0
6205,161.0
6176,161.0
7366,161.0
38302,161.0
3920,161.0
32634,161.0
12552,161.0
40577,161.0
33749,161.0
9532,161.0
7221,161.0
21672,161.0
16782,161.0
41582,161.0
49613,161.0
10390,161.0
29213,161.0
17177,161.0
46989,161.0
47499,161.0
1711,161.0
47542,161.0
46408,161.0
26942,161.0
33612,161.0
28108,161.0
31399,161.0
46193,161.0
3169,161.0
48316,161.0
25985,161.0
5047,161.0
15713,161.0
3211,161.0
45043,161.0
14086,161.0
14765,161.0
44103,161.0
19414,161.0
4349,161.0
12726,161.0
34025,161.0
41114,161.0
37932,161.0
16254,161.0
42985,161.0
27292,161.0
13913,161.0
26575,161.0
43741,161.0
15674,161.0
3397,161.0
11071,161.0
45456,161.0
9888,161.0
22904,161.0
16829,161.0
20252,161.0
43250,161.0
33084,161.0
48499,161.0
13248,161.0
18098,161.0
20566,161.0
35975,161.0
32460,161.0
7273,161.0
18875,161.0
17625,161.0
37774,161.0
4830,161.0
4856,161.0
33174,161.0
21213,161.0
16755,161.0
32892,161.0
27948,161.0
15336,161.0
46684,161.0
16163,161.0
24450,161.0
3571,161.0
29638,161.0
42040,161.0
16126,161.0
7950,161.0
44805,161.0
34331,161.0
2494,161.0
47487,161.0
13151,161.0
33199,161.0
17032,161.0
39394,161.0
47115,161.0
14596,161.0
33943,161.0
15501,161.0
11166,161.0
48147,161.0
29646,161.0
36289,161.0
33600,161.0
18443,161.0
6924,161.0
36512,161.0
46482,161.0
8493,161.0
29051,161.0
19648,161.0
11475,161.0
25788,161.0
10272,161.0
19305,161.0
28154,161.0
27706,161.0
47009,161.0
37285,161.0
40352,161.0
23679,161.0
1864,161.0
39935,161.0
2594,161.0
11038,161.0
33900,161.0
4977,161.0
13633,161.0
20639,161.0
33648,161.0
36558,161.0
22310,161.0
26377,161.0
41377,161.0
28504,161.0
34233,161.0
3699,161.0
26140,161.0
42603,161.0
29491,161.0
45840,161.0
14737,161.0
35956,161.0
3520,161.0
29414,161.0
43375,161.0
4963,161.0
47216,161.0
17771,161.0
16072,161.0
45843,161.0
3886,161.0
21825,161.0
15725,161.0
2005,161.0
6057,161.0
22293,161.0
3137,161.0
21729,161.0
13098,161.0
34428,161.0
44344,161.0
49722,161.0
44727,161.0
4316,161.0
11434,161.0
33239,161.0
47413,161.0
29367,161.0
31024,161.0
17622,161.0
13353,161.0
25261,161.0
4806,161.0
45637,161.0
29469,161.0
30897,161.0
22884,161.0
42329,161.0
28815,161.0
34797,161.0
48681,161.0
16523,161.0
34411,161.0
30294,161.0
16862,161.0
37200,161.0
37715,161.0
26362,161.0
23393,161.0
40907,161.0
36274,161.0
34976,161.0
48572,161.0
22637,161.0
38161,161.0
32791,161.0
34516,161.0
342,161.0
28852,161.0
15640,161.0
7482,161.0
22173,161.0
16236,161.0
34440,161.0
9304,161.0
31764,161.0
4409,161.0
15128,161.0
20466,161.0
15179,161.0
16049,161.0
22270,161.0
48939,161.0
19682,161.0
18684,161.0
35536,161.0
16108,161.0
13760,161.0
24494,161.0
33815,161.0
38797,161.0
9829,161.0
37811,161.0
45298,161.0
36297,161.0
19139,161.0
28890,161.0
11430,161.0
8474,161.0
31429,161.0
25230,161.0
48134,161.0
5344,161.0
6430,161.0
10099,161.0
32320,161.0
19892,161.0
7469,161.0
34030,161.0
38248,161.0
9621,161.0
24561,161.0
5298,161.0
10440,161.0
18111,161.0
9562,161.0
48361,161.0
7457,161.0
8664,161.0
43406,161.0
13507,161.0
6891,161.0
46831,161.0
46704,161.0
39127,161.0
38473,161.0
6194,161.0
33181,161.0
4253,161.0
15954,161.0
30521,161.0
22808,161.0
21584,161.0
2419,161.0
43474,161.0
24110,161.0
36561,161.0
31406,161.0
29906,161.0
1955,161.0
35072,161.0
45791,161.0
10658,161.0
3026,161.0
27392,161.0
13971,161.0
2117,161.0
44219,161.0
18634,161.0
7921,161.0
31123,161.0
7343,161.0
22168,161.0
14132,161.0
2869,161.0
3654,161.0
21995,161.0
22372,161.0
26474,161.0
9737,161.0
49794,161.0
26601,161.0
25542,161.0
38906,161.0
15086,161.0
40413,161.0
18279,161.0
18290,161.0
2970,161.0
28557,161.0
6836,161.0
45468,161.0
13580,161.0
32129,161.0
23444,161.0
145,161.0
29707,161.0
9878,161.0
17582,161.0
33252,161.0
16345,161.0
24104,161.0
47235,161.0
4623,161.0
40553,161.0
1254,161.0
13076,161.0
28365,161.0
7144,161.0
17839,161.0
31493,161.0
30169,161.0
41841,161.0
40085,161.0
12801,161.0
6195,161.0
13686,161.0
23380,161.0
27064,161.0
34163,161.0
45521,161.0
16543,161.0
14564,161.0
26766,161.0
49616,161.0
10854,161.0
29181,161.0
39363,161.0
38960,161.0
12372,161.0
44510,161.0
28233,161.0
12124,161.0
17312,161.0
33818,161.0
3618,161.0
1122,161.0
48746,161.0
26186,161.0
31589,161.0
43814,161.0
24804,161.0
28453,161.0
35352,161.0
32606,161.0
31578,161.0
32898,161.0
21749,161.0
10211,161.0
30479,161.0
24527,161.0
39454,161.0
48003,161.0
21366,161.0
22816,161.0
33754,161.0
41620,161.0
20331,161.0
27652,161.0
16034,161.0
45694,161.0
43868,161.0
7880,161.0
2085,161.0
36921,161.0
12688,161.0
13322,161.0
17833,161.0
32611,161.0
46169,161.0
45418,161.0
4036,161.0
23657,161.0
19013,161.0
44034,161.0
400,161.0
28161,161.0
17437,161.0
41096,161.0
22495,161.0
30823,161.0
20051,161.0
40023,161.0
12760,161.0
31167,161.0
6468,161.0
32238,161.0
1373,161.0
38359,161.0
927,161.0
35818,161.0
10116,161.0
8319,161.0
26073,161.0
29730,161.0
9626,161.0
3786,161.0
20886,161.0
6905,161.0
6479,161.0
27149,161.0
33658,161.0
38900,161.0
26817,161.0
35547,161.0
41572,161.0
24448,161.0
30246,161.0
22558,161.0
45579,161.0
17736,161.0
25981,161.0
5865,161.0
6530,161.0
10537,161.0
28213,161.0
7361,161.0
38903,161.0
12511,161.0
10454,161.0
18378,161.0
20738,161.0
43336,161.0
8394,161.0
21103,161.0
1163,161.0
2532,161.0
7845,161.0
26048,161.0
39017,161.0
41843,161.0
12703,161.0
33513,161.0
19803,161.0
5752,161.0
34356,161.0
30770,161.0
36493,161.0
25058,161.0
15822,161.0
28284,161.0
13651,161.0
40571,161.0
17173,161.0
12284,161.0
35461,161.0
34060,161.0
35236,161.0
26634,161.0
24471,161.0
18416,161.0
18955,161.0
37194,161.0
20719,161.0
37401,161.0
3264,161.0
46180,161.0
31126,161.0
42233,161.0
43714,161.0
7025,161.0
17499,161.0
29713,161.0
32788,161.0
15108,161.0
2477,161.0
48078,161.0
11349,161.0
29035,161.0
1912,161.0
27728,161.0
36500,161.0
42094,161.0
49531,161.0
27312,161.0
14599,161.0
12075,161.0
41321,161.0
28988,161.0
2099,161.0
19534,161.0
34940,161.0
8024,161.0
13254,161.0
1986,161.0
26012,161.0
3336,161.0
26621,161.0
11745,161.0
18477,161.0
47612,161.0
25537,161.0
20865,161.0
43447,161.0
8007,161.0
29077,161.0
43721,161.0
23001,161.0
28194,161.0
21513,161.0
21025,161.0
15295,161.0
11662,161.0
31719,161.0
42116,161.0
28242,161.0
43152,161.0
9695,161.0
25566,161.0
34445,161.0
14110,161.0
12959,161.0
23315,161.0
17927,161.0
20414,161.0
22459,161.0
44363,161.0
5677,161.0
43367,161.0
33872,161.0
610,161.0
30921,161.0
25260,161.0
30394,161.0
38326,161.0
44289,161.0
48465,161.0
9290,161.0
26407,161.0
28059,161.0
22296,161.0
22052,161.0
44452,161.0
12513,161.0
48576,161.0
18776,161.0
15715,161.0
7977,161.0
33176,161.0
47635,161.0
8345,161.0
30590,161.0
11898,161.0
25496,161.0
22322,161.0
17680,161.0
12470,161.0
4658,161.0
48394,161.0
1688,161.0
22182,161.0
12792,161.0
8041,161.0
31062,161.0
35027,161.0
14830,161.0
38849,161.0
20063,161.0
28278,161.0
34548,161.0
10905,161.0
19221,161.0
24430,161.0
47350,161.0
18112,161.0
3542,161.0
25563,161.0
6760,161.0
33830,161.0
21276,161.0
38233,161.0
14351,161.0
1227,161.0
9160,161.0
25666,161.0
20545,161.0
4120,161.0
278,161.0
19037,161.0
20047,161.0
38649,161.0
37313,161.0
854,161.0
43087,161.0
46494,161.0
19536,161.0
16464,161.0
36747,161.0
29861,161.0
885,161.0
47843,161.0
21462,161.0
9404,161.0
33416,161.0
40744,161.0
23977,161.0
28140,161.0
46079,161.0
20718,161.0
27648,161.0
29971,161.0
24243,161.0
3036,161.0
6977,161.0
31766,161.0
23702,161.0
22078,161.0
19236,161.0
19893,161.0
36415,161.0
43916,161.0
14698,161.0
28276,161.0
49862,161.0
49925,161.0
49960,161.0
10093,161.0
47577,161.0
34859,161.0
12806,161.0
12423,161.0
28729,161.0
41924,161.0
28237,161.0
23311,161.0
27812,161.0
14712,161.0
18795,161.0
6889,161.0
772,161.0
2768,161.0
33763,161.0
43247,161.0
32833,161.0
13063,161.0
44157,161.0
34737,161.0
24514,161.0
46126,161.0
38235,161.0
25210,161.0
26935,161.0
21363,161.0
32641,161.0
46346,161.0
22573,161.0
31855,161.0
5224,161.0
13180,161.0
17124,161.0
20090,161.0
5967,161.0
36448,161.0
647,161.0
3781,161.0
20232,161.0
19264,161.0
24762,161.0
17161,161.0
30810,161.0
19736,161.0
47429,161.0
38060,161.0
430,161.0
9912,161.0
4017,161.0
2976,161.0
22228,161.0
46023,161.0
31428,161.0
38534,161.0
32234,161.0
37011,161.0
18751,161.0
46249,161.0
8410,161.0
10407,161.0
23956,161.0
23042,161.0
19834,161.0
48428,161.0
7269,161.0
44594,161.0
1139,161.0
4986,161.0
2886,161.0
48414,161.0
14978,161.0
38404,161.0
23792,161.0
10994,161.0
44422,161.0
26582,161.0
3121,161.0
39203,161.0
37448,161.0
4058,161.0
31986,161.0
49292,161.0
18870,161.0
27740,161.0
7071,161.0
33875,161.0
29559,161.0
17584,161.0
43157,161.0
18584,161.0
13459,161.0
17725,161.0
4570,161.0
31514,161.0
21497,161.0
18176,161.0
6330,161.0
14875,161.0
40463,161.0
47442,161.0
39231,161.0
30147,161.0
49347,161.0
199,161.0
1449,161.0
17758,161.0
44012,161.0
10269,161.0
32009,161.0
20834,161.0
34627,161.0
8660,161.0
10046,161.0
16380,161.0
17245,161.0
31571,161.0
19724,161.0
40337,161.0
12619,161.0
5747,161.0
44071,161.0
43135,161.0
23576,161.0
47224,161.0
25327,161.0
44217,161.0
19820,161.0
47714,161.0
45674,161.0
41828,161.0
3841,161.0
34966,161.0
5646,161.0
33932,161.0
25316,161.0
23047,161.0
9673,161.0
45834,161.0
9243,161.0
35275,161.0
32447,161.0
682,161.0
45180,161.0
46940,161.0
41769,161.0
8813,161.0
40265,161.0
25267,161.0
49380,161.0
28592,161.0
12759,161.0
8475,161.0
24803,161.0
13506,161.0
18216,161.0
44985,161.0
6225,161.0
33323,161.0
32157,161.0
45144,161.0
10461,161.0
34111,161.0
36901,161.0
36463,161.0
586,161.0
26502,161.0
39110,161.0
29317,161.0
23209,161.0
43786,161.0
23585,161.0
47911,161.0
40065,161.0
7651,161.0
7585,161.0
40552,161.0
36928,161.0
13374,161.0
13485,161.0
24493,161.0
2464,161.0
9830,161.0
31685,161.0
37429,161.0
20340,161.0
48860,161.0
44241,161.0
47408,161.0
27507,161.0
17553,161.0
23515,161.0
26007,161.0
46860,161.0
29597,161.0
18047,161.0
44419,161.0
31563,161.0
34963,161.0
7056,161.0
7647,161.0
25771,161.0
43936,161.0
27720,161.0
28449,161.0
48431,161.0
24385,161.0
38940,161.0
36466,161.0
10928,161.0
42424,161.0
12895,161.0
41068,161.0
26107,161.0
45575,161.0
3291,161.0
34118,161.0
11428,161.0
15055,161.0
19475,161.0
3495,161.0
5265,161.0
12378,161.0
20367,161.0
45678,161.0
40830,161.0
6917,161.0
18028,161.0
37746,161.0
21329,161.0
20280,161.0
41886,161.0
16546,161.0
14068,161.0
20631,161.0
21240,161.0
27153,161.0
26635,161.0
10822,161.0
19016,161.0
14760,161.0
18120,161.0
42882,161.0
36208,161.0
49475,161.0
1825,161.0
46195,161.0
25435,161.0
40079,161.0
8910,161.0
20854,161.0
27451,161.0
31938,161.0
6947,161.0
9686,161.0
34335,161.0
46759,161.0
28475,161.0
18669,161.0
37157,161.0
3565,161.0
28541,161.0
18050,161.0
28080,161.0
28533,161.0
21421,161.0
323,161.0
47971,161.0
19346,161.0
14805,161.0
45992,161.0
45620,161.0
49166,161.0
28280,161.0
38832,161.0
29277,161.0
27489,161.0
43006,161.0
10497,161.0
42663,161.0
5529,161.0
35388,161.0
31209,161.0
40988,161.0
21333,161.0
3403,161.0
7781,161.0
27136,161.0
45930,161.0
25716,161.0
22230,161.0
483,161.0
28662,161.0
14182,161.0
39685,161.0
8791,161.0
38979,161.0
40402,161.0
2875,161.0
45436,161.0
22604,161.0
37028,161.0
44394,161.0
4216,161.0
33068,161.0
13592,161.0
44341,161.0
38870,161.0
46869,161.0
374,161.0
48582,161.0
39617,161.0
27089,161.0
32025,161.0
21635,161.0
4580,161.0
39393,161.0
17783,161.0
40303,161.0
19517,161.0
28310,161.0
12618,161.0
35499,161.0
35885,161.0
31745,161.0
48721,161.0
13912,161.0
7095,161.0
15401,161.0
42130,161.0
29298,161.0
33130,161.0
29117,161.0
7688,161.0
45115,161.0
63,161.0
25110,161.0
12025,161.0
37596,161.0
7893,161.0
20266,161.0
49707,161.0
47293,161.0
22682,161.0
29910,161.0
2386,161.0
25885,161.0
3185,161.0
21753,161.0
8359,161.0
4996,161.0
19991,161.0
37219,161.0
45048,161.0
13735,161.0
6112,161.0
5374,161.0
42275,161.0
12432,161.0
7919,161.0
35812,161.0
37631,161.0
12141,161.0
39635,161.0
9646,161.0
43842,161.0
36449,161.0
25314,161.0
46536,161.0
5305,161.0
38770,161.0
22446,161.0
10325,161.0
37747,161.0
41365,161.0
3181,161.0
29110,161.0
26630,161.0
17021,161.0
4615,161.0
30559,161.0
429,161.0
45145,161.0
36166,161.0
46192,161.0
43339,161.0
21862,161.0
24212,161.0
10366,161.0
39273,161.0
33413,161.0
20850,161.0
16843,161.0
9999,161.0
23187,161.0
7498,161.0
5460,161.0
4574,161.0
8172,161.0
33840,161.0
23589,161.0
41913,161.0
7295,161.0
25914,161.0
16358,161.0
36330,161.0
46763,161.0
13264,161.0
33511,161.0
44106,161.0
11193,161.0
27639,161.0
35306,161.0
17715,161.0
32664,161.0
13168,161.0
25291,161.0
27402,161.0
12458,161.0
2186,161.0
37088,161.0
21359,161.0
40554,161.0
25254,161.0
2495,161.0
11033,161.0
13612,161.0
26445,161.0
41258,161.0
11763,161.0
5236,161.0
5764,161.0
19733,161.0
39018,161.0
36079,161.0
44768,161.0
28281,161.0
46355,161.0
42759,161.0
48921,161.0
47079,161.0
18152,161.0
41441,161.0
18347,161.0
21523,161.0
39093,161.0
29609,161.0
19137,161.0
9385,161.0
21113,161.0
43031,161.0
16159,161.0
24593,161.0
27462,161.0
10167,161.0
34916,161.0
34138,161.0
31231,161.0
44958,161.0
3031,161.0
29207,161.0
31461,161.0
40777,161.0
43706,161.0
28615,161.0
30871,161.0
9069,161.0
22922,161.0
36212,161.0
30421,161.0
3228,161.0
44490,161.0
25420,161.0
32344,161.0
30373,161.0
18380,161.0
35716,161.0
43932,161.0
5708,161.0
49578,161.0
26773,161.0
37655,161.0
386,161.0
39191,161.0
3376,161.0
29725,161.0
18893,161.0
30062,161.0
3864,161.0
43116,161.0
7210,161.0
3367,161.0
14442,161.0
15971,161.0
45343,161.0
6076,161.0
32811,161.0
47849,161.0
38202,161.0
32662,161.0
2096,161.0
28781,161.0
42963,161.0
31466,161.0
3759,161.0
30137,161.0
13343,161.0
37834,161.0
16919,161.0
26793,161.0
28792,161.0
46386,161.0
47795,161.0
13675,161.0
19394,161.0
16766,161.0
11314,161.0
46457,161.0
22609,161.0
8921,161.0
1282,161.0
46450,161.0
33864,161.0
9065,161.0
39822,161.0
23078,161.0
24066,161.0
915,161.0
22126,161.0
23365,161.0
31432,161.0
26750,161.0
33780,161.0
41928,161.0
17472,161.0
19316,161.0
44429,161.0
32657,161.0
36918,161.0
899,161.0
23559,161.0
46238,161.0
40171,161.0
23308,161.0
17629,161.0
17519,161.0
972,161.0
35853,161.0
12131,161.0
11462,161.0
18695,161.0
44136,161.0
11049,161.0
18127,161.0
6527,161.0
35963,161.0
2133,161.0
32291,161.0
11225,161.0
49691,161.0
2373,161.0
19000,161.0
6485,161.0
18254,161.0
38924,161.0
8616,161.0
28323,161.0
36524,161.0
8579,161.0
42514,161.0
8021,161.0
47345,161.0
39101,161.0
38367,161.0
1013,161.0
2248,161.0
21318,161.0
44843,161.0
33284,161.0
37639,161.0
41587,161.0
49129,161.0
48363,161.0
44020,161.0
20496,161.0
5568,161.0
11833,161.0
38331,161.0
32212,161.0
25616,161.0
44932,161.0
232,161.0
38515,161.0
41664,161.0
5978,161.0
6649,161.0
40880,161.0
37519,161.0
17610,161.0
28060,161.0
12258,161.0
23746,161.0
21357,161.0
2894,161.0
24415,161.0
14230,161.0
23400,161.0
2639,161.0
47262,161.0
10152,161.0
45311,161.0
14418,161.0
39357,161.0
30251,161.0
28593,161.0
48389,161.0
21211,161.0
42733,161.0
10971,161.0
31538,161.0
26534,161.0
29312,161.0
36836,161.0
5932,161.0
3805,161.0
30203,161.0
33212,161.0
48170,161.0
2981,161.0
16786,161.0
25498,161.0
3738,161.0
31467,161.0
21681,161.0
47030,161.0
20993,161.0
23410,161.0
4378,161.0
24848,161.0
45656,161.0
42861,161.0
43942,161.0
3096,161.0
36268,161.0
14278,161.0
11592,161.0
44476,161.0
46566,161.0
43711,161.0
38692,161.0
27025,161.0
38845,161.0
30142,161.0
8395,161.0
4606,161.0
33052,161.0
35010,161.0
16696,161.0
24588,161.0
18984,161.0
5716,161.0
34076,161.0
41052,161.0
22740,161.0
32477,161.0
42199,161.0
23866,161.0
48816,161.0
42085,161.0
1877,161.0
7790,161.0
4306,161.0
626,161.0
39756,161.0
15001,161.0
15645,161.0
30603,161.0
29898,161.0
34420,161.0
41101,161.0
14033,161.0
19141,161.0
35631,161.0
48655,161.0
35023,161.0
46127,161.0
5611,161.0
39232,161.0
10645,161.0
49989,161.0
19372,161.0
35076,161.0
45172,161.0
4385,161.0
14459,161.0
16477,161.0
12762,161.0
24555,161.0
20454,161.0
481,161.0
37869,161.0
42002,161.0
42704,161.0
38466,161.0
12981,161.0
9734,161.0
26183,161.0
28681,161.0
15190,161.0
45947,161.0
36080,161.0
31256,161.0
47127,161.0
26493,161.0
47923,161.0
7328,161.0
274,161.0
29651,161.0
32907,161.0
15040,161.0
23849,161.0
32854,161.0
15109,161.0
16160,161.0
42475,161.0
2175,161.0
43099,161.0
26678,161.0
20125,161.0
46575,161.0
38342,161.0
31064,161.0
4352,161.0
15299,161.0
759,161.0
25813,161.0
23973,161.0
22141,161.0
7515,161.0
1819,161.0
13820,161.0
46526,161.0
42048,161.0
27012,161.0
47048,161.0
14364,161.0
13905,161.0
36896,161.0
38798,161.0
44982,161.0
32837,161.0
44959,161.0
29503,161.0
34119,161.0
25431,161.0
25377,161.0
48787,161.0
40185,161.0
17594,161.0
22679,161.0
15240,161.0
8405,161.0
11397,161.0
38655,161.0
20501,161.0
17067,161.0
48546,161.0
7802,161.0
44528,161.0
46622,161.0
12231,161.0
26507,161.0
40433,161.0
41027,161.0
5267,161.0
35760,161.0
43568,161.0
352,161.0
5012,161.0
6577,161.0
3223,161.0
1577,161.0
3662,161.0
15045,161.0
16235,161.0
40297,161.0
17547,161.0
22883,161.0
3540,161.0
11043,161.0
21164,161.0
10825,161.0
26492,161.0
13587,161.0
31850,161.0
18125,161.0
3605,161.0
44360,161.0
25609,161.0
35066,161.0
38939,161.0
13487,161.0
49621,161.0
14749,161.0
41952,161.0
37351,161.0
39609,161.0
35203,161.0
40379,161.0
46315,161.0
38374,161.0
26979,161.0
33253,161.0
41290,161.0
44004,161.0
35416,161.0
32841,161.0
6966,161.0
39301,161.0
30104,161.0
6789,161.0
29667,161.0
35221,161.0
18594,161.0
35449,161.0
6996,161.0
9166,161.0
9190,161.0
36616,161.0
43159,161.0
16781,161.0
13672,161.0
49474,161.0
17420,161.0
5035,161.0
2903,161.0
11477,161.0
2435,161.0
36501,161.0
1854,161.0
19474,161.0
30046,161.0
37818,161.0
3830,161.0
27075,161.0
21052,161.0
34500,161.0
559,161.0
26896,161.0
39390,161.0
11839,161.0
46260,161.0
23813,161.0
29540,161.0
9667,161.0
21112,161.0
12815,161.0
40446,161.0
8436,161.0
9986,161.0
12487,161.0
43562,161.0
104,161.0
48962,161.0
36814,161.0
26138,161.0
33089,161.0
16342,161.0
40021,161.0
39722,161.0
14598,161.0
1481,161.0
16691,161.0
19636,161.0
3793,161.0
4981,161.0
19667,161.0
24641,161.0
7504,161.0
12576,161.0
7123,161.0
38790,161.0
1867,161.0
13204,161.0
24082,161.0
33385,161.0
849,161.0
14050,161.0
47308,161.0
45634,161.0
8659,161.0
7516,161.0
703,161.0
31987,161.0
28488,161.0
47472,161.0
42185,161.0
25605,161.0
35675,161.0
4670,161.0
28049,161.0
35033,161.0
18240,161.0
26404,161.0
11209,161.0
31334,161.0
43186,161.0
48347,161.0
777,161.0
20772,161.0
33265,161.0
19215,161.0
11798,161.0
8666,161.0
15014,161.0
14225,161.0
12869,161.0
15046,161.0
7837,161.0
16090,161.0
48553,161.0
6101,161.0
2056,161.0
746,161.0
13237,161.0
13198,161.0
49958,161.0
20629,161.0
2852,161.0
39858,161.0
20165,161.0
19151,161.0
46520,161.0
10747,161.0
28151,161.0
3037,161.0
7461,161.0
24114,161.0
22643,161.0
1683,161.0
4878,161.0
13724,161.0
10902,161.0
49636,161.0
21740,161.0
5429,161.0
15889,161.0
29365,161.0
36450,161.0
41758,161.0
7983,161.0
8181,161.0
23317,161.0
25892,161.0
20490,161.0
9607,161.0
31688,161.0
20974,161.0
14961,161.0
4832,161.0
15881,161.0
14262,161.0
34198,161.0
1001,161.0
13115,161.0
18873,161.0
30971,161.0
3987,161.0
12790,161.0
35643,161.0
13696,161.0
13476,161.0
11750,161.0
10593,161.0
36536,161.0
19272,161.0
40740,161.0
45397,161.0
11873,161.0
7479,161.0
21082,161.0
13294,161.0
24024,161.0
23126,161.0
11661,161.0
38199,161.0
6751,161.0
48819,161.0
7917,161.0
16605,161.0
5368,161.0
3445,161.0
8570,161.0
8930,161.0
21908,161.0
3932,161.0
5349,161.0
28245,161.0
32605,161.0
11536,161.0
17122,161.0
46474,161.0
22349,161.0
26261,161.0
16136,161.0
10501,161.0
18234,161.0
13296,161.0
28715,161.0
27661,161.0
13269,161.0
47920,161.0
34429,161.0
3266,161.0
45851,161.0
15005,161.0
22397,161.0
34430,161.0
24213,161.0
44043,161.0
6523,161.0
28633,161.0
47704,161.0
20212,161.0
31723,161.0
4895,161.0
15192,161.0
18210,161.0
39809,161.0
30546,161.0
7668,161.0
28074,161.0
34015,161.0
31119,161.0
461,161.0
28187,161.0
25681,161.0
11681,161.0
12948,161.0
14238,161.0
7687,161.0
46605,161.0
23443,161.0
9932,161.0
32939,161.0
28217,161.0
8455,161.0
5842,161.0
13376,161.0
37380,161.0
2136,161.0
7818,161.0
1378,161.0
10176,161.0
4690,161.0
28427,161.0
46128,161.0
20185,161.0
49386,161.0
40578,161.0
11814,161.0
27521,161.0
42505,161.0
24354,161.0
22295,161.0
47725,161.0
31462,161.0
31870,161.0
39164,161.0
47877,161.0
4257,161.0
5188,161.0
29761,161.0
4741,161.0
47836,161.0
6014,161.0
16056,161.0
3701,161.0
217,161.0
40469,161.0
23895,161.0
30501,161.0
27238,161.0
13884,161.0
21548,161.0
22511,161.0
11036,161.0
20692,161.0
35721,161.0
14505,161.0
7894,161.0
27680,161.0
5909,161.0
4505,161.0
9087,161.0
2329,161.0
44442,161.0
32784,161.0
47360,161.0
46675,161.0
15855,161.0
49480,161.0
42205,161.0
12958,161.0
35130,161.0
15147,161.0
31308,161.0
7415,161.0
6309,161.0
27368,161.0
9847,161.0
13371,161.0
45334,161.0
33177,161.0
32130,161.0
17213,161.0
24295,161.0
13745,161.0
2437,161.0
22106,161.0
47786,161.0
34895,161.0
20411,161.0
32237,161.0
30913,161.0
48464,161.0
32885,161.0
42110,161.0
39510,161.0
41122,161.0
29711,161.0
33117,161.0
9350,161.0
20841,161.0
40354,161.0
17240,161.0
48606,161.0
16177,161.0
12832,161.0
38589,161.0
48801,161.0
45872,161.0
48922,161.0
7201,161.0
36990,161.0
45963,161.0
891,161.0
48015,161.0
7891,161.0
20400,161.0
16228,161.0
5688,161.0
31163,161.0
43029,161.0
48149,161.0
45402,161.0
41757,161.0
8529,161.0
40909,161.0
652,161.0
13907,161.0
23232,161.0
23344,161.0
27498,161.0
5011,161.0
18149,161.0
36688,161.0
28577,161.0
34714,161.0
33392,161.0
49768,161.0
46160,161.0
35268,161.0
2555,161.0
3715,161.0
16564,161.0
24881,161.0
21280,161.0
38942,161.0
12388,161.0
33417,161.0
11809,161.0
25954,161.0
19322,161.0
43437,161.0
26429,161.0
34883,161.0
10010,161.0
27091,161.0
9126,161.0
37456,161.0
48233,161.0
29214,161.0
8518,161.0
17714,161.0
22947,161.0
37539,161.0
8275,161.0
34449,161.0
48377,161.0
49914,161.0
30339,161.0
29619,161.0
4827,161.0
32086,161.0
10172,161.0
10784,161.0
17691,161.0
45905,161.0
39304,161.0
33544,161.0
21675,161.0
15220,161.0
7512,161.0
19435,161.0
22923,161.0
38110,161.0
46999,161.0
40521,161.0
36347,161.0
2515,161.0
19719,161.0
42954,161.0
17142,161.0
35992,161.0
7678,161.0
8443,161.0
48274,161.0
43494,161.0
48640,161.0
43503,161.0
13792,161.0
8618,161.0
4249,161.0
21721,161.0
26309,161.0
2516,161.0
2727,161.0
49877,161.0
22551,161.0
25562,161.0
46564,161.0
6586,161.0
40733,161.0
24852,161.0
29429,161.0
31804,161.0
43731,161.0
25705,161.0
30343,161.0
21074,161.0
16813,161.0
46205,161.0
32292,161.0
35506,161.0
29984,161.0
35084,161.0
14286,161.0
31624,161.0
37327,161.0
6794,161.0
2901,161.0
9744,161.0
15838,161.0
42212,161.0
4705,161.0
27326,161.0
29520,161.0
12525,161.0
937,161.0
38818,161.0
40299,161.0
30143,161.0
32194,161.0
40975,161.0
5749,161.0
21049,161.0
21974,161.0
14555,161.0
20563,161.0
48809,161.0
27160,161.0
31828,161.0
12623,161.0
5922,161.0
1721,161.0
582,161.0
24466,161.0
6144,161.0
47121,161.0
12663,161.0
6362,161.0
42202,161.0
34562,161.0
29124,161.0
20306,161.0
34089,161.0
10255,161.0
46736,161.0
28682,161.0
46607,161.0
7500,161.0
24976,161.0
16001,161.0
40863,161.0
23014,161.0
771,161.0
4092,161.0
47649,161.0
30054,161.0
48859,161.0
19581,161.0
30108,161.0
42971,161.0
43110,161.0
35981,161.0
16314,161.0
38043,161.0
45023,161.0
14357,161.0
298,161.0
33785,161.0
34174,161.0
23495,161.0
43720,161.0
40397,161.0
21601,161.0
12396,161.0
34846,161.0
13996,161.0
45700,161.0
1279,161.0
42636,161.0
4725,161.0
32826,161.0
26813,161.0
20223,161.0
42965,161.0
27614,161.0
19362,161.0
18371,161.0
46232,161.0
45630,161.0
37761,161.0
43167,161.0
28122,161.0
3309,161.0
17682,161.0
29103,161.0
12105,161.0
17487,161.0
38604,161.0
38486,161.0
34692,161.0
14062,161.0
31027,161.0
9926,161.0
3402,161.0
43024,161.0
15297,161.0
18675,161.0
47624,161.0
23615,161.0
26363,161.0
37637,161.0
30888,161.0
46316,161.0
9382,161.0
22703,161.0
43633,161.0
27562,161.0
33625,161.0
47597,161.0
21936,161.0
18170,161.0
29420,161.0
36617,161.0
10594,161.0
37424,161.0
16675,161.0
21394,161.0
44423,161.0
6294,161.0
37182,161.0
18588,161.0
3426,161.0
3231,161.0
41879,161.0
14464,161.0
15354,161.0
42731,161.0
17787,161.0
46331,161.0
16393,161.0
16853,161.0
34835,161.0
32530,161.0
43524,161.0
41558,161.0
16582,161.0
17556,161.0
30230,161.0
4131,161.0
38307,161.0
26809,161.0
37062,161.0
17363,161.0
48398,161.0
1078,161.0
47207,161.0
41034,161.0
5502,161.0
4414,161.0
23803,161.0
34529,161.0
21245,161.0
3001,161.0
39704,161.0
47445,161.0
4760,161.0
49277,161.0
44283,161.0
16540,161.0
43801,161.0
25152,161.0
8323,161.0
38151,161.0
47905,161.0
14947,161.0
48621,161.0
43423,161.0
9469,161.0
5309,161.0
24989,161.0
34483,161.0
31681,161.0
4476,161.0
23091,161.0
12262,161.0
2418,161.0
10215,161.0
42120,161.0
6986,161.0
4121,161.0
34897,161.0
26496,161.0
49745,161.0
5795,161.0
32818,161.0
38895,161.0
24906,161.0
10164,161.0
2830,161.0
46557,161.0
37520,161.0
13827,161.0
30761,161.0
32272,161.0
23116,161.0
22684,161.0
28908,161.0
442,161.0
35277,161.0
38709,161.0
34544,161.0
15365,161.0
33649,161.0
196,161.0
2706,161.0
16461,161.0
42390,161.0
32668,161.0
31903,161.0
24320,161.0
27516,161.0
39163,161.0
16915,161.0
40618,161.0
44156,161.0
32385,161.0
29602,161.0
34542,161.0
6654,161.0
46469,161.0
1471,161.0
10908,161.0
41442,161.0
43322,161.0
6393,161.0
28954,161.0
16657,161.0
17923,161.0
19589,161.0
32632,161.0
22898,161.0
6341,161.0
23906,161.0
38423,161.0
18917,161.0
25896,161.0
12956,161.0
29066,161.0
45252,161.0
35183,161.0
31471,161.0
1158,161.0
18108,161.0
28859,161.0
16052,161.0
17288,161.0
29983,161.0
579,161.0
5693,161.0
25473,161.0
40200,161.0
8961,161.0
3859,161.0
32562,161.0
38793,161.0
8446,161.0
7773,161.0
10870,161.0
46361,161.0
48807,161.0
29175,161.0
41829,161.0
29274,161.0
16740,161.0
43133,161.0
26969,161.0
21536,161.0
30282,161.0
29014,161.0
43841,161.0
48723,161.0
32478,161.0
15042,161.0
2741,161.0
48418,161.0
6129,161.0
11576,161.0
26971,161.0
48529,161.0
25632,161.0
4035,161.0
16730,161.0
26042,161.0
42859,161.0
41755,161.0
29996,161.0
19793,161.0
40179,161.0
20211,161.0
13965,161.0
27920,161.0
18138,161.0
30114,161.0
37768,161.0
49317,161.0
24250,161.0
17354,161.0
2082,161.0
41682,161.0
43417,161.0
30366,161.0
41712,161.0
40156,161.0
42811,161.0
30365,161.0
42193,161.0
6851,161.0
12066,161.0
11221,161.0
15945,161.0
524,161.0
38824,161.0
40946,161.0
35690,161.0
30838,161.0
11988,161.0
38203,161.0
38004,161.0
18481,161.0
44014,161.0
30037,161.0
46036,161.0
36925,161.0
29625,161.0
30694,161.0
36551,161.0
24994,161.0
47110,161.0
23987,161.0
3069,161.0
40643,161.0
40699,161.0
23264,161.0
44117,161.0
33422,161.0
38748,161.0
27450,161.0
5397,161.0
19169,161.0
3760,161.0
15704,161.0
18830,161.0
43812,161.0
19225,161.0
25163,161.0
29248,161.0
5492,161.0
49788,161.0
30974,161.0
48782,161.0
17197,161.0
36609,161.0
47879,161.0
25285,161.0
23075,161.0
42738,161.0
10743,161.0
30602,161.0
38276,161.0
32739,161.0
44094,161.0
41105,161.0
1183,161.0
34648,161.0
12241,161.0
21565,161.0
48812,161.0
38783,161.0
41809,161.0
17096,161.0
30583,161.0
16750,161.0
27753,161.0
16777,161.0
5712,161.0
36441,161.0
48138,161.0
6202,161.0
31966,161.0
42773,161.0
3462,161.0
22961,161.0
33521,161.0
32339,161.0
41591,161.0
35239,161.0
2528,161.0
18882,161.0
1485,161.0
29709,161.0
3271,161.0
3611,161.0
11847,161.0
24067,161.0
8761,161.0
35553,161.0
10370,161.0
2465,161.0
48583,161.0
28500,161.0
22040,161.0
42172,161.0
35907,161.0
9390,161.0
28176,161.0
46340,161.0
11164,161.0
48267,161.0
46901,161.0
10759,161.0
45755,161.0
37079,161.0
23503,161.0
38333,161.0
38058,161.0
42244,161.0
28618,161.0
37795,161.0
5565,161.0
5908,161.0
31305,161.0
23182,161.0
37740,161.0
41691,161.0
23373,161.0
33790,161.0
7443,161.0
7475,161.0
24964,161.0
41066,161.0
49172,161.0
35528,161.0
20377,161.0
46011,161.0
41548,161.0
26459,161.0
20874,161.0
20484,161.0
23499,161.0
641,161.0
44856,161.0
14762,161.0
10446,161.0
44158,161.0
2876,161.0
47178,161.0
31532,161.0
25679,161.0
9849,161.0
10599,161.0
4525,161.0
46201,161.0
48140,161.0
6516,161.0
25695,161.0
1509,161.0
42358,161.0
12286,161.0
11016,161.0
46616,161.0
27601,161.0
40772,161.0
46865,161.0
29802,161.0
18876,161.0
12794,161.0
5740,161.0
737,161.0
3608,161.0
25430,161.0
30966,161.0
19707,161.0
19971,161.0
17458,161.0
24793,161.0
46484,161.0
49632,161.0
25084,161.0
2625,161.0
6955,161.0
28740,161.0
27657,161.0
20368,161.0
23478,161.0
27624,161.0
19340,161.0
21493,161.0
37083,161.0
37058,161.0
11547,161.0
13096,161.0
42858,161.0
29729,161.0
9988,161.0
8478,161.0
30170,161.0
18973,161.0
39471,161.0
10735,161.0
2212,161.0
38742,161.0
25388,161.0
27452,161.0
31211,161.0
32078,161.0
18305,161.0
36451,161.0
13671,161.0
8194,161.0
3289,161.0
47083,161.0
31430,161.0
48364,161.0
31993,161.0
36437,161.0
21629,161.0
38021,161.0
26165,161.0
12533,161.0
408,161.0
48608,161.0
26367,161.0
10744,161.0
33090,161.0
10158,161.0
17165,161.0
43184,161.0
2916,161.0
27176,161.0
17898,161.0
22473,161.0
5229,161.0
44791,161.0
344,161.0
49311,161.0
48980,161.0
14585,161.0
20217,161.0
23414,161.0
37274,161.0
47947,161.0
42106,161.0
7238,161.0
31867,161.0
39266,161.0
45052,161.0
47975,161.0
27394,161.0
22777,161.0
17378,161.0
26295,161.0
7252,161.0
25225,161.0
26541,161.0
7432,161.0
1049,161.0
44160,161.0
9119,161.0
32805,161.0
45950,161.0
34108,161.0
19722,161.0
38371,161.0
42960,161.0
12557,161.0
36317,161.0
27205,161.0
39090,161.0
8192,161.0
14280,161.0
38464,161.0
7673,161.0
26392,161.0
39901,161.0
36779,161.0
43653,161.0
17760,161.0
48384,161.0
863,161.0
19262,161.0
45076,161.0
19558,161.0
23429,161.0
19273,161.0
40677,161.0
5569,161.0
19285,161.0
17875,161.0
3162,161.0
24546,161.0
49218,161.0
31792,161.0
1132,161.0
24565,161.0
31149,161.0
31492,161.0
37517,161.0
43064,161.0
9402,161.0
35420,161.0
7341,161.0
24870,161.0
48944,161.0
27525,161.0
28196,161.0
15952,161.0
25031,161.0
23401,161.0
22731,161.0
29416,161.0
39274,161.0
49189,161.0
34884,161.0
18968,161.0
47711,161.0
31661,161.0
26754,161.0
36418,161.0
40653,161.0
2743,161.0
3050,161.0
50,161.0
39860,161.0
8746,161.0
4746,161.0
9195,161.0
7614,161.0
46148,161.0
20016,161.0
44979,161.0
15171,161.0
17973,161.0
22513,161.0
24394,161.0
28355,161.0
7004,161.0
35264,161.0
39996,161.0
174,161.0
19902,161.0
46794,161.0
13014,161.0
34514,161.0
15801,161.0
45751,161.0
420,161.0
16296,161.0
29308,161.0
22178,161.0
16752,161.0
18699,161.0
39388,161.0
32977,161.0
5837,161.0
39625,161.0
30505,161.0
40916,161.0
40654,161.0
24106,161.0
30535,161.0
28397,161.0
3244,161.0
801,161.0
34941,161.0
40232,161.0
10414,161.0
17972,161.0
44277,161.0
42494,161.0
23554,161.0
32692,161.0
43114,161.0
10946,161.0
19823,161.0
44730,161.0
38934,161.0
17228,161.0
26566,161.0
7561,161.0
41020,161.0
3664,161.0
28957,161.0
40155,161.0
41553,161.0
6366,161.0
3708,161.0
35386,161.0
27613,161.0
14218,161.0
72,161.0
4281,161.0
3556,161.0
8469,161.0
44321,161.0
21921,161.0
9599,161.0
33699,161.0
11015,161.0
28714,161.0
46974,161.0
29679,161.0
45564,161.0
31179,161.0
21610,161.0
25409,161.0
43345,161.0
49197,161.0
26734,161.0
48429,161.0
18687,161.0
16650,161.0
24776,161.0
24570,161.0
42826,161.0
25404,161.0
24603,161.0
49698,161.0
13848,161.0
49247,161.0
42943,161.0
39968,161.0
28981,161.0
2800,161.0
30335,161.0
5276,161.0
10821,161.0
31366,161.0
24809,161.0
44597,161.0
21155,161.0
45055,161.0
21132,161.0
11602,161.0
3789,161.0
22893,161.0
33902,161.0
13619,161.0
26684,161.0
46297,161.0
18497,161.0
48626,161.0
36288,161.0
45452,161.0
29834,161.0
1669,161.0
8248,161.0
23293,161.0
15799,161.0
31329,161.0
21044,161.0
29168,161.0
48246,161.0
34523,161.0
32504,161.0
33000,161.0
49896,161.0
26877,161.0
14500,161.0
36252,161.0
29575,161.0
39974,161.0
22953,161.0
44579,161.0
3487,161.0
48173,161.0
48697,161.0
20706,161.0
355,161.0
7853,161.0
40566,161.0
10065,161.0
30769,161.0
46183,161.0
30622,161.0
25407,161.0
17105,161.0
10477,161.0
38295,161.0
40255,161.0
7380,161.0
19497,161.0
39589,161.0
48063,161.0
48296,161.0
22265,161.0
37822,161.0
44339,161.0
2653,161.0
36787,161.0
32691,161.0
39700,161.0
49032,161.0
14170,161.0
9401,161.0
38878,161.0
22780,161.0
29904,161.0
21297,161.0
28774,161.0
5046,161.0
25599,161.0
15159,161.0
42213,161.0
27620,161.0
38003,161.0
22655,161.0
24318,161.0
38926,161.0
11730,161.0
36600,161.0
37316,161.0
40984,161.0
26823,161.0
44655,161.0
28581,161.0
34977,161.0
22652,161.0
41113,161.0
19152,161.0
41978,161.0
2001,161.0
18220,161.0
36113,161.0
46235,161.0
29245,161.0
25674,161.0
41397,161.0
14403,161.0
45850,161.0
21378,161.0
21539,161.0
9037,161.0
44532,161.0
15076,161.0
26331,161.0
9987,161.0
49732,161.0
19500,161.0
41633,161.0
38806,161.0
34614,161.0
42776,161.0
6269,161.0
34192,161.0
15208,161.0
46264,161.0
38382,161.0
6568,161.0
12995,161.0
35407,161.0
45302,161.0
27250,161.0
49645,161.0
37084,161.0
14129,161.0
22017,161.0
5090,161.0
26769,161.0
7616,161.0
32448,161.0
43833,161.0
15287,161.0
40805,161.0
24785,161.0
26358,161.0
13291,161.0
15135,161.0
11828,161.0
14404,161.0
33493,161.0
9255,161.0
37766,161.0
1488,161.0
22899,161.0
23328,161.0
21420,161.0
29046,161.0
4337,161.0
26315,161.0
15453,161.0
22533,161.0
15158,161.0
17991,161.0
48345,161.0
35317,161.0
29157,161.0
12363,161.0
10260,161.0
33012,161.0
13701,161.0
45948,161.0
37453,161.0
1704,161.0
11328,161.0
16732,161.0
3995,161.0
25486,161.0
5266,161.0
7744,161.0
3913,161.0
38491,161.0
7985,161.0
15530,161.0
931,161.0
39239,161.0
13890,161.0
37008,161.0
30386,161.0
45238,161.0
862,161.0
40816,161.0
13001,161.0
32421,161.0
1595,161.0
10240,161.0
32879,161.0
19488,161.0
21843,161.0
41172,161.0
5976,161.0
29289,161.0
46381,161.0
24462,161.0
36302,161.0
11276,161.0
44649,161.0
25643,161.0
26324,161.0
42087,161.0
25883,161.0
11598,161.0
14578,161.0
49205,161.0
26365,161.0
18502,161.0
45268,161.0
14496,161.0
29569,161.0
43608,161.0
23703,161.0
19393,161.0
38552,161.0
10815,161.0
32142,161.0
8870,161.0
226,161.0
17396,161.0
34082,161.0
42031,161.0
19889,161.0
19396,161.0
20635,161.0
37422,161.0
2762,161.0
33480,161.0
10927,161.0
46031,161.0
4539,161.0
41715,161.0
19513,161.0
39212,161.0
29267,161.0
45846,161.0
39439,161.0
44432,161.0
22523,161.0
21657,161.0
49585,161.0
14460,161.0
14410,161.0
33228,161.0
7213,161.0
14581,161.0
14837,161.0
40779,161.0
23970,161.0
16275,161.0
37446,161.0
29639,161.0
1398,161.0
46411,161.0
45750,161.0
15953,161.0
19821,161.0
38360,161.0
17310,161.0
16600,161.0
46342,161.0
1247,161.0
16031,161.0
26645,161.0
45567,161.0
27675,161.0
20959,161.0
43025,161.0
33714,161.0
6940,161.0
45127,161.0
13925,161.0
3242,161.0
11151,161.0
48320,161.0
19672,161.0
1414,161.0
28283,161.0
41013,161.0
34241,161.0
29576,161.0
41271,161.0
8258,161.0
26853,161.0
8881,161.0
22079,161.0
47731,161.0
19350,161.0
32182,161.0
16955,161.0
39247,161.0
1622,161.0
47757,161.0
45676,161.0
2405,161.0
30797,161.0
37587,161.0
23318,161.0
12831,161.0
33558,161.0
29558,161.0
43987,161.0
27894,161.0
5295,161.0
24914,161.0
34660,161.0
1785,161.0
39886,161.0
17567,161.0
16063,161.0
48446,161.0
20383,161.0
40878,161.0
18058,161.0
19067,161.0
20526,161.0
5848,161.0
18623,161.0
45474,161.0
31761,161.0
5212,161.0
25731,161.0
6374,161.0
30198,161.0
23946,161.0
36935,161.0
34848,161.0
15293,161.0
1852,161.0
18433,161.0
28971,161.0
17040,161.0
6688,161.0
40939,161.0
42182,161.0
25253,161.0
18842,161.0
15807,161.0
4182,161.0
13863,161.0
20190,161.0
8785,161.0
3706,161.0
24446,161.0
37772,161.0
5159,161.0
29837,161.0
6130,161.0
11030,161.0
47339,161.0
36030,161.0
33447,161.0
4117,161.0
11757,161.0
27124,161.0
5370,161.0
15979,161.0
9135,161.0
11062,161.0
4551,161.0
35859,161.0
46857,161.0
43901,161.0
17578,161.0
2747,161.0
21851,161.0
25748,161.0
6073,161.0
23921,161.0
12934,161.0
36181,161.0
34381,161.0
28997,161.0
38261,161.0
513,161.0
16135,161.0
35634,161.0
8089,161.0
36093,161.0
31392,161.0
33043,161.0
34309,161.0
12628,161.0
1977,161.0
7338,161.0
42453,161.0
22972,161.0
37308,161.0
44972,161.0
5217,161.0
23623,161.0
41400,161.0
20311,161.0
658,161.0
35038,161.0
44828,161.0
15944,161.0
42014,161.0
28058,161.0
21872,161.0
7028,161.0
49786,161.0
30813,161.0
35602,161.0
21547,161.0
14795,161.0
45054,161.0
3900,161.0
29369,161.0
15626,161.0
46649,161.0
10285,161.0
25874,161.0
18720,161.0
14949,161.0
38344,161.0
31304,161.0
6543,161.0
42691,161.0
5877,161.0
49325,161.0
15603,161.0
23358,161.0
46343,161.0
19128,161.0
34792,161.0
36360,161.0
18144,161.0
317,161.0
730,161.0
45883,161.0
6216,161.0
17299,161.0
1842,161.0
2387,161.0
21346,161.0
22115,161.0
43746,161.0
5467,161.0
38366,161.0
46720,161.0
5541,161.0
23563,161.0
23013,161.0
32742,161.0
14164,161.0
9063,161.0
28698,161.0
18491,161.0
14826,161.0
49828,161.0
15680,161.0
7933,161.0
38881,161.0
3003,161.0
31444,161.0
6263,161.0
3954,161.0
45135,161.0
33479,161.0
18554,161.0
24224,161.0
32042,161.0
26219,161.0
14633,161.0
17091,161.0
34427,161.0
9377,161.0
17781,161.0
10437,161.0
7569,161.0
23550,161.0
1459,161.0
42297,161.0
34366,161.0
29309,161.0
4846,161.0
41961,161.0
38153,161.0
24381,161.0
38922,161.0
26539,161.0
5937,161.0
7674,161.0
40437,161.0
35495,161.0
39592,161.0
14175,161.0
40382,161.0
23138,161.0
29629,161.0
32309,161.0
30872,161.0
28093,161.0
32485,161.0
32813,161.0
25155,161.0
10154,161.0
25867,161.0
15444,161.0
14193,161.0
13718,161.0
17349,161.0
6421,161.0
38691,161.0
47431,161.0
34115,161.0
817,161.0
13864,161.0
49437,161.0
10588,161.0
49498,161.0
26518,161.0
5246,161.0
38332,161.0
48333,161.0
14927,161.0
49066,161.0
37865,161.0
23347,161.0
27037,161.0
40419,161.0
28962,161.0
23035,161.0
17325,161.0
44928,161.0
18247,161.0
21404,161.0
47288,161.0
14711,161.0
6368,161.0
48396,161.0
42364,161.0
40889,161.0
31707,161.0
3379,161.0
39488,161.0
13703,161.0
16884,161.0
9657,161.0
40355,161.0
31379,161.0
28459,161.0
28447,161.0
26890,161.0
20716,161.0
40605,161.0
45282,161.0
32112,161.0
34349,161.0
15205,161.0
6893,161.0
22135,161.0
44142,161.0
3029,161.0
16298,161.0
32722,161.0
25135,161.0
9056,161.0
34886,161.0
16229,161.0
11282,161.0
25574,161.0
36502,161.0
48211,161.0
43418,161.0
46465,161.0
16704,161.0
32459,161.0
6162,161.0
42992,161.0
19307,161.0
48552,161.0
40378,161.0
39954,161.0
4989,161.0
19076,161.0
20183,161.0
38820,161.0
19433,161.0
36919,161.0
19483,161.0
39059,161.0
39447,161.0
22157,161.0
37812,161.0
12291,161.0
36129,161.0
2297,161.0
3832,161.0
33223,161.0
11495,161.0
20791,161.0
44316,161.0
38885,161.0
3435,161.0
38208,161.0
3078,161.0
1108,161.0
16656,161.0
45227,161.0
25831,161.0
21504,161.0
46861,161.0
2147,161.0
36815,161.0
25284,161.0
27041,161.0
46779,161.0
45190,161.0
18146,161.0
27708,161.0
46652,161.0
7763,161.0
29633,161.0
8146,161.0
40440,161.0
13040,161.0
34038,161.0
36291,161.0
27908,161.0
24657,161.0
16994,161.0
5346,161.0
5166,161.0
34826,161.0
1676,161.0
31690,161.0
4147,161.0
31936,161.0
18394,161.0
4708,161.0
2586,161.0
28118,161.0
42180,161.0
31619,161.0
35764,161.0
22582,161.0
13836,161.0
12045,161.0
30768,161.0
7129,161.0
22784,161.0
23251,161.0
23886,161.0
40094,161.0
31012,161.0
12083,161.0
7787,161.0
5730,161.0
13964,161.0
49262,161.0
5122,161.0
10340,161.0
2821,161.0
32608,161.0
1035,161.0
234,161.0
20697,161.0
45287,161.0
29065,161.0
16382,161.0
36642,161.0
11934,161.0
49558,161.0
1320,161.0
19422,161.0
14195,161.0
27212,161.0
23944,161.0
30571,161.0
24192,161.0
42796,161.0
23408,161.0
757,161.0
27670,161.0
5554,161.0
33457,161.0
41064,161.0
18338,161.0
5043,161.0
20136,161.0
6492,161.0
18130,161.0
30129,161.0
38904,161.0
14130,161.0
28148,161.0
6690,161.0
9694,161.0
39653,161.0
812,161.0
28625,161.0
27746,161.0
23714,161.0
13505,161.0
13798,161.0
33257,161.0
9721,161.0
44137,161.0
8318,161.0
36326,161.0
48422,161.0
39928,161.0
2631,161.0
18015,161.0
24532,161.0
8678,161.0
1619,161.0
21724,161.0
20565,161.0
16172,161.0
8490,161.0
16339,161.0
5456,161.0
35814,161.0
48472,161.0
22751,161.0
7832,161.0
16695,161.0
23468,161.0
5628,161.0
4223,161.0
35610,161.0
21131,161.0
18857,161.0
42679,161.0
10640,161.0
10614,161.0
45810,161.0
18479,161.0
5763,161.0
26690,161.0
44533,161.0
45318,161.0
44237,161.0
17597,161.0
45088,161.0
40911,161.0
22039,161.0
23255,161.0
45134,161.0
27772,161.0
10277,161.0
10242,161.0
211,161.0
28977,161.0
39436,161.0
43448,161.0
43062,161.0
36051,161.0
13688,161.0
26072,161.0
3023,161.0
4111,161.0
19012,161.0
15839,161.0
46040,161.0
6757,161.0
18807,161.0
32677,161.0
42727,161.0
11066,161.0
17180,161.0
27738,161.0
24457,161.0
36005,161.0
36083,161.0
41991,161.0
14412,161.0
8531,161.0
33307,161.0
23784,161.0
14338,161.0
22955,161.0
36824,161.0
11451,161.0
7259,161.0
42765,161.0
49142,161.0
18604,161.0
3032,161.0
46318,161.0
7230,161.0
117,161.0
9247,161.0
19476,161.0
18810,161.0
24557,161.0
3796,161.0
46266,161.0
47403,161.0
12415,161.0
5880,161.0
13397,161.0
30393,161.0
38492,161.0
6803,161.0
25305,161.0
34698,161.0
8587,161.0
45079,161.0
48408,161.0
5626,161.0
10343,161.0
15696,161.0
17259,161.0
34825,161.0
39720,161.0
47285,161.0
35250,161.0
5921,161.0
14626,161.0
16114,161.0
7267,161.0
36755,161.0
14983,161.0
76,161.0
35251,161.0
26831,161.0
44840,161.0
1125,161.0
25982,161.0
42315,161.0
16455,161.0
45756,161.0
6428,161.0
27935,161.0
30844,161.0
30082,161.0
15007,161.0
34083,161.0
40403,161.0
47395,161.0
28704,161.0
35849,161.0
47721,161.0
29396,161.0
14580,161.0
17901,161.0
195,161.0
48183,161.0
30800,161.0
19220,161.0
46099,161.0
2814,161.0
20371,161.0
6538,161.0
2665,161.0
22857,161.0
11618,161.0
2953,161.0
45702,161.0
12059,161.0
29339,161.0
45491,161.0
26379,161.0
27862,161.0
10534,161.0
15459,161.0
49677,161.0
45505,161.0
43502,161.0
34624,161.0
5505,161.0
16257,161.0
9238,161.0
45503,161.0
7951,161.0
13684,161.0
15633,161.0
26307,161.0
22072,161.0
36753,161.0
48321,161.0
29279,161.0
1632,161.0
6109,161.0
24340,161.0
15815,161.0
24384,161.0
26608,161.0
840,161.0
11476,161.0
20627,161.0
8280,161.0
30634,161.0
49341,161.0
42845,161.0
31545,161.0
29501,161.0
47763,161.0
8876,161.0
43098,161.0
30915,161.0
5686,161.0
5734,161.0
30293,161.0
11301,161.0
5599,161.0
2518,161.0
25780,161.0
19826,161.0
35670,161.0
47049,161.0
18332,161.0
1847,161.0
18503,161.0
20218,161.0
40293,161.0
34984,161.0
27971,161.0
28360,161.0
17902,161.0
27088,161.0
12441,161.0
12595,161.0
3198,161.0
2866,161.0
23312,161.0
19742,161.0
9453,161.0
34237,161.0
1737,161.0
45116,161.0
28335,161.0
11758,161.0
34581,161.0
7030,161.0
23579,161.0
10860,161.0
38469,161.0
16373,161.0
14055,161.0
38565,161.0
34914,161.0
49085,161.0
1931,161.0
46499,161.0
1127,161.0
14234,161.0
44701,161.0
30322,161.0
42698,161.0
7480,161.0
29037,161.0
12590,161.0
44511,161.0
13589,161.0
17307,161.0
2889,161.0
46394,161.0
22035,161.0
20138,161.0
36455,161.0
8878,161.0
30443,161.0
29916,161.0
48716,161.0
36948,161.0
8669,161.0
31395,161.0
41420,161.0
10241,161.0
7597,161.0
43331,161.0
8871,161.0
7801,161.0
21000,161.0
13036,161.0
19850,161.0
5201,161.0
38427,161.0
45464,161.0
33670,161.0
40489,161.0
13161,161.0
5663,161.0
44311,161.0
34268,161.0
7956,161.0
12969,161.0
49697,161.0
42656,161.0
30692,161.0
62,161.0
33595,161.0
12910,161.0
27718,161.0
10828,161.0
26232,161.0
7780,161.0
40066,161.0
10203,161.0
1809,161.0
37578,161.0
42764,161.0
22282,161.0
31943,161.0
41615,161.0
10425,161.0
13615,161.0
27270,161.0
8421,161.0
33891,161.0
32672,161.0
10633,161.0
30903,161.0
3490,161.0
45941,161.0
13959,161.0
12204,161.0
28965,161.0
25287,161.0
9187,161.0
17151,161.0
43190,161.0
15651,161.0
6659,161.0
28375,161.0
23880,161.0
45459,161.0
35088,161.0
41988,161.0
32267,161.0
42974,161.0
1573,161.0
32570,161.0
35280,161.0
46452,161.0
16125,161.0
13432,161.0
6180,161.0
32680,161.0
940,161.0
29189,161.0
34756,161.0
49312,161.0
8826,161.0
31073,161.0
35211,161.0
15256,161.0
42005,161.0
22854,161.0
46719,161.0
3461,161.0
49940,161.0
6833,161.0
33011,161.0
11307,161.0
48620,161.0
36074,161.0
28456,161.0
27964,161.0
34855,161.0
35413,161.0
27701,161.0
38262,161.0
41280,161.0
49226,161.0
3022,161.0
3221,161.0
17938,161.0
23713,161.0
151,161.0
12614,161.0
18555,161.0
35928,161.0
31351,161.0
46959,161.0
42917,161.0
4679,161.0
31151,161.0
48473,161.0
9732,161.0
36353,161.0
42835,161.0
26349,161.0
29574,161.0
45330,161.0
3930,161.0
18456,161.0
19452,161.0
3299,161.0
40427,161.0
43439,161.0
1490,161.0
34591,161.0
28460,161.0
31612,161.0
46539,161.0
21751,161.0
10882,161.0
14674,161.0
8479,161.0
27546,161.0
33255,161.0
32424,161.0
36419,161.0
31166,161.0
37801,161.0
20533,161.0
33937,161.0
22469,161.0
20917,161.0
46458,161.0
47694,161.0
284,161.0
9411,161.0
5071,161.0
45663,161.0
40846,161.0
23543,161.0
3634,161.0
30495,161.0
35043,161.0
28959,161.0
46492,161.0
9502,161.0
8643,161.0
37787,161.0
34862,161.0
12089,161.0
33904,161.0
9012,161.0
16383,161.0
4037,161.0
6805,161.0
46393,161.0
4610,161.0
48877,161.0
31258,161.0
587,161.0
34496,161.0
31733,161.0
3790,161.0
47186,161.0
1698,161.0
42441,161.0
33729,161.0
48481,161.0
30690,161.0
36692,161.0
49991,161.0
22133,161.0
7599,161.0
38400,161.0
36522,161.0
45536,161.0
12011,161.0
11011,161.0
27888,161.0
16165,161.0
17550,161.0
16410,161.0
15732,161.0
41674,161.0
5991,161.0
43891,161.0
35692,161.0
25941,161.0
18850,161.0
6975,161.0
17320,161.0
10090,161.0
43035,161.0
8239,161.0
36343,161.0
3505,161.0
36286,161.0
44130,161.0
8962,161.0
5330,161.0
43092,161.0
44455,161.0
27393,161.0
40296,161.0
6661,161.0
22762,161.0
21431,161.0
9285,161.0
7290,161.0
45320,161.0
36251,161.0
3190,161.0
37043,161.0
46573,161.0
47824,161.0
29950,161.0
5261,161.0
16158,161.0
44712,161.0
16116,161.0
22023,161.0
2266,161.0
47344,161.0
35303,161.0
32435,161.0
6753,161.0
10802,161.0
31587,161.0
13934,161.0
29142,161.0
8782,161.0
15212,161.0
25851,161.0
24836,161.0
38858,161.0
11266,161.0
29659,161.0
30482,161.0
34393,161.0
34177,161.0
35245,161.0
6200,161.0
18509,161.0
6888,161.0
28986,161.0
19102,161.0
31457,161.0
15122,161.0
12142,161.0
21550,161.0
13070,161.0
24995,161.0
36639,161.0
42271,161.0
48932,161.0
45738,161.0
23142,161.0
9268,161.0
17300,161.0
42536,161.0
43656,161.0
19387,161.0
24182,161.0
21111,161.0
28192,161.0
42741,161.0
30225,161.0
23272,161.0
2583,161.0
12904,161.0
23862,161.0
31944,161.0
48328,161.0
11864,161.0
35911,161.0
25265,161.0
41827,161.0
6922,161.0
42060,161.0
26546,161.0
38595,161.0
25083,161.0
42711,161.0
30406,161.0
21096,161.0
39724,161.0
21641,161.0
7113,161.0
43712,161.0
36677,161.0
46806,161.0
37629,161.0
31995,161.0
35832,161.0
27984,161.0
27369,161.0
39707,161.0
8972,161.0
48551,161.0
30711,161.0
27311,161.0
36698,161.0
18737,161.0
1535,161.0
24297,161.0
14713,161.0
35689,161.0
18770,161.0
29763,161.0
40161,161.0
33905,161.0
8547,161.0
43972,161.0
19327,161.0
32467,161.0
19496,161.0
37024,161.0
1140,161.0
37415,161.0
34474,161.0
22676,161.0
12506,161.0
45057,161.0
3619,161.0
39607,161.0
34858,161.0
49111,161.0
7325,161.0
963,161.0
35314,161.0
30516,161.0
25549,161.0
10836,161.0
1976,161.0
14766,161.0
48449,161.0
37971,161.0
39242,161.0
40230,161.0
41497,161.0
40357,161.0
8058,161.0
45876,161.0
28207,161.0
34180,161.0
24958,161.0
26351,161.0
5056,161.0
20587,161.0
2679,161.0
46057,161.0
30289,161.0
20469,161.0
24518,161.0
49858,161.0
24770,161.0
2763,161.0
12404,161.0
13250,161.0
40384,161.0
21532,161.0
45684,161.0
39611,161.0
42351,161.0
32049,161.0
6382,161.0
42415,161.0
18093,161.0
38865,161.0
31000,161.0
9989,161.0
42098,161.0
33510,161.0
18436,161.0
44220,161.0
17504,161.0
41736,161.0
1418,161.0
47551,161.0
29843,161.0
10312,161.0
37557,161.0
20848,161.0
19965,161.0
17854,161.0
29462,161.0
30542,161.0
22778,161.0
22634,161.0
33485,161.0
1487,161.0
27336,161.0
30089,161.0
2112,161.0
43717,161.0
25056,161.0
13652,161.0
11887,161.0
13910,161.0
3132,161.0
19700,161.0
914,161.0
31141,161.0
23348,161.0
37753,161.0
27877,161.0
33487,161.0
12430,161.0
31452,161.0
20893,161.0
42006,161.0
41386,161.0
16431,161.0
44226,161.0
29265,161.0
4083,161.0
1332,161.0
46095,161.0
14544,161.0
34491,161.0
44946,161.0
49026,161.0
13923,161.0
49027,161.0
41941,161.0
10531,161.0
32957,161.0
41288,161.0
19003,161.0
33029,161.0
11666,161.0
30208,161.0
17123,161.0
43223,161.0
39778,161.0
36790,161.0
29825,161.0
13368,161.0
4200,161.0
28909,161.0
41644,161.0
13607,161.0
18238,161.0
24652,161.0
30880,161.0
38416,161.0
36582,161.0
17395,161.0
18145,161.0
9729,161.0
30039,161.0
35608,161.0
30640,161.0
10348,161.0
44046,161.0
30468,161.0
28043,161.0
40978,161.0
19146,161.0
46326,161.0
17164,161.0
14146,161.0
29131,161.0
631,161.0
6822,161.0
2277,161.0
14565,161.0
21563,161.0
40157,161.0
44129,161.0
4273,161.0
7,161.0
2146,161.0
38974,161.0
44231,161.0
42714,161.0
1700,161.0
39969,161.0
38078,161.0
39525,161.0
44666,161.0
35433,161.0
23252,161.0
27667,161.0
15551,161.0
44078,161.0
21957,161.0
33727,161.0
15672,161.0
48106,161.0
7133,161.0
26992,161.0
40306,161.0
28051,161.0
3456,161.0
20513,161.0
2736,161.0
19720,161.0
33138,161.0
39220,161.0
3215,161.0
46554,161.0
7639,161.0
30743,161.0
17689,161.0
47204,161.0
16659,161.0
1722,161.0
38513,161.0
6434,161.0
27061,161.0
26727,161.0
18755,161.0
20278,161.0
32379,161.0
2095,161.0
22030,161.0
14939,161.0
6030,161.0
1865,161.0
8351,161.0
47282,161.0
30206,161.0
24050,161.0
6995,161.0
24030,161.0
27296,161.0
14936,161.0
6133,161.0
22646,161.0
1403,161.0
537,161.0
5823,161.0
6349,161.0
48292,161.0
48713,161.0
8544,161.0
19999,161.0
38048,161.0
7545,161.0
1994,161.0
32539,161.0
26411,161.0
41146,161.0
6779,161.0
5378,161.0
2400,161.0
43610,161.0
32147,161.0
25878,161.0
7101,161.0
26736,161.0
23423,161.0
39663,161.0
37223,161.0
49507,161.0
6157,161.0
2299,161.0
25669,161.0
27094,161.0
6047,161.0
36550,161.0
26281,161.0
4266,161.0
39384,161.0
13543,161.0
38804,161.0
4166,161.0
26064,161.0
10630,161.0
37174,161.0
1957,161.0
16672,161.0
34036,161.0
28417,161.0
1732,161.0
25765,161.0
31641,161.0
7782,161.0
19962,161.0
32534,161.0
19194,161.0
18961,161.0
35364,161.0
38319,161.0
23752,161.0
30259,161.0
8114,161.0
48563,161.0
10792,161.0
32835,161.0
25057,161.0
41777,161.0
31982,161.0
8195,161.0
33192,161.0
14382,161.0
40921,161.0
7235,161.0
26989,161.0
10070,161.0
32281,161.0
35075,161.0
34185,161.0
29580,161.0
42111,161.0
31145,161.0
1167,161.0
49835,161.0
35301,161.0
37354,161.0
48204,161.0
47543,161.0
29854,161.0
37188,161.0
32391,161.0
17272,161.0
22931,161.0
44195,161.0
36809,161.0
26795,161.0
2270,161.0
23692,161.0
28538,161.0
2446,161.0
23183,161.0
24070,161.0
21848,161.0
24758,161.0
17984,161.0
19304,161.0
18277,161.0
47516,161.0
5408,161.0
2349,161.0
26361,161.0
45209,161.0
16508,161.0
33746,161.0
27990,161.0
32366,161.0
9225,161.0
8371,161.0
46801,161.0
39142,161.0
9770,161.0
31272,161.0
9556,161.0
33646,161.0
35138,161.0
22861,161.0
7896,161.0
34964,161.0
38174,161.0
1789,161.0
26477,161.0
32996,161.0
893,161.0
14721,161.0
31572,161.0
6736,161.0
38671,161.0
18431,161.0
18538,161.0
431,161.0
25628,161.0
11190,161.0
12709,161.0
9739,161.0
48874,161.0
12031,161.0
32823,161.0
49637,161.0
1617,161.0
2865,161.0
253,161.0
7965,161.0
27816,161.0
677,161.0
7097,161.0
44810,161.0
10874,161.0
40078,161.0
16530,161.0
15983,161.0
48975,161.0
1671,161.0
24274,161.0
14274,161.0
10613,161.0
2645,161.0
19388,161.0
13572,161.0
32648,161.0
14425,161.0
30951,161.0
8297,161.0
17051,161.0
20905,161.0
17916,161.0
44944,161.0
42549,161.0
48169,161.0
38902,161.0
9023,161.0
8756,161.0
10596,161.0
44398,161.0
46146,161.0
34928,161.0
38308,161.0
39601,161.0
21042,161.0
34635,161.0
29400,161.0
13427,161.0
22765,161.0
29454,161.0
24305,161.0
37750,161.0
44478,161.0
47525,161.0
23771,161.0
18222,161.0
24222,161.0
18107,161.0
1054,161.0
16357,161.0
867,161.0
1975,161.0
45842,161.0
4072,161.0
48784,161.0
42654,161.0
9804,161.0
21994,161.0
16232,161.0
48492,161.0
20559,161.0
13470,161.0
44367,161.0
5735,161.0
18458,161.0
14792,161.0
45466,161.0
32689,161.0
10290,161.0
46323,161.0
38920,161.0
32415,161.0
47060,161.0
48277,161.0
10942,161.0
30905,161.0
12476,161.0
18068,161.0
15591,161.0
36068,161.0
29236,161.0
37977,161.0
18598,161.0
22216,161.0
25019,161.0
9668,161.0
533,161.0
37226,161.0
687,161.0
39187,161.0
26327,161.0
16896,161.0
18105,161.0
46170,161.0
41136,161.0
4700,161.0
7183,161.0
44182,161.0
46338,161.0
6435,161.0
625,161.0
43997,161.0
22590,161.0
14362,161.0
42684,161.0
28071,161.0
44832,161.0
14934,161.0
929,161.0
47678,161.0
3674,161.0
9352,161.0
24963,161.0
44802,161.0
35195,161.0
5538,161.0
22963,161.0
22318,161.0
500,161.0
9026,161.0
25919,161.0
48024,161.0
16993,161.0
25089,161.0
5955,161.0
6232,161.0
39652,161.0
46291,161.0
1674,161.0
38270,161.0
26968,161.0
18036,161.0
32412,161.0
48528,161.0
45345,161.0
18110,161.0
20714,161.0
41772,161.0
24380,161.0
6652,161.0
13853,161.0
43142,161.0
13823,161.0
31484,161.0
24423,161.0
48073,161.0
18492,161.0
15712,161.0
25013,161.0
8060,161.0
41760,161.0
27785,161.0
28066,161.0
19114,161.0
36630,161.0
16498,161.0
19708,161.0
44357,161.0
38298,161.0
9200,161.0
23928,161.0
12679,161.0
29696,161.0
30186,161.0
11906,161.0
17319,161.0
18401,161.0
20291,161.0
12267,161.0
2468,161.0
32166,161.0
262,161.0
46832,161.0
26238,161.0
30802,161.0
40974,161.0
18342,161.0
35022,161.0
28057,161.0
38951,161.0
11100,161.0
44661,161.0
19840,161.0
42489,161.0
26512,161.0
12342,161.0
8685,161.0
20343,161.0
36793,161.0
37451,161.0
31388,161.0
35867,161.0
47405,161.0
48432,161.0
20079,161.0
33115,161.0
45647,161.0
49909,161.0
15579,161.0
5855,161.0
33580,161.0
8778,161.0
18179,161.0
45458,161.0
32195,161.0
17204,161.0
9605,161.0
42378,161.0
26889,161.0
9367,161.0
40908,161.0
38392,161.0
30782,161.0
41040,161.0
12264,161.0
1034,161.0
594,161.0
29891,161.0
45257,161.0
9680,161.0
44500,161.0
16753,161.0
8225,161.0
32475,161.0
21239,161.0
12209,161.0
34466,161.0
27555,161.0
37097,161.0
11735,161.0
34770,161.0
7452,161.0
40345,161.0
31113,161.0
2917,161.0
5605,161.0
21127,161.0
1292,161.0
3429,161.0
4767,161.0
21146,161.0
38280,161.0
874,161.0
27566,161.0
37150,161.0
4538,161.0
35622,161.0
1820,161.0
41602,161.0
15017,161.0
47521,161.0
28788,161.0
2023,161.0
45653,161.0
48318,161.0
30257,161.0
24780,161.0
24580,161.0
45204,161.0
17048,161.0
43366,161.0
33913,161.0
41604,161.0
14612,161.0
49703,161.0
13295,161.0
1929,161.0
19385,161.0
26801,161.0
15634,161.0
44090,161.0
9713,161.0
18381,161.0
7150,161.0
14970,161.0
27906,161.0
14937,161.0
28919,161.0
43952,161.0
37184,161.0
16529,161.0
1662,161.0
20066,161.0
31483,161.0
3735,161.0
37085,161.0
25768,161.0
37656,161.0
2550,161.0
12605,161.0
36424,161.0
4105,161.0
5069,161.0
43168,161.0
47587,161.0
39055,161.0
26287,161.0
9168,161.0
41768,161.0
8471,161.0
25206,161.0
46511,161.0
37760,161.0
35481,161.0
4982,161.0
31246,161.0
43199,161.0
47977,161.0
44425,161.0
45595,161.0
43225,161.0
49036,161.0
2306,161.0
37978,161.0
14356,161.0
9929,161.0
23748,161.0
8046,161.0
31200,161.0
4786,161.0
9593,161.0
6976,161.0
18366,161.0
12914,161.0
14494,161.0
47157,161.0
37560,161.0
7402,161.0
41838,161.0
6574,161.0
13095,161.0
6179,161.0
585,161.0
44721,161.0
39146,161.0
5327,161.0
37405,161.0
28966,161.0
18237,161.0
22313,161.0
38311,161.0
47290,161.0
12896,161.0
35820,161.0
424,161.0
24868,161.0
13748,161.0
26396,161.0
35871,161.0
43495,161.0
12556,161.0
23271,161.0
42187,161.0
29742,161.0
5748,161.0
4742,161.0
44153,161.0
8963,161.0
39570,161.0
10318,161.0
251,161.0
24130,161.0
11874,161.0
6419,161.0
49938,161.0
47848,161.0
33386,161.0
38759,161.0
29732,161.0
15032,161.0
39,161.0
34903,161.0
2693,161.0
19383,161.0
40891,161.0
2256,161.0
19663,161.0
39459,161.0
21287,161.0
22970,161.0
22648,161.0
41434,161.0
33644,161.0
20349,161.0
14468,161.0
28159,161.0
27922,161.0
21212,161.0
13733,161.0
11097,161.0
26739,161.0
36870,161.0
506,161.0
44390,161.0
32119,161.0
42922,161.0
1101,161.0
46668,161.0
36590,161.0
32508,161.0
44074,161.0
22812,161.0
35354,161.0
40729,161.0
25610,161.0
1609,161.0
38879,161.0
32495,161.0
20444,161.0
17847,161.0
20869,161.0
10736,161.0
5383,161.0
20866,161.0
13105,161.0
15687,161.0
48673,161.0
31519,161.0
9622,161.0
11236,161.0
20286,161.0
20242,161.0
18476,161.0
6432,161.0
41662,161.0
47541,161.0
5926,161.0
43100,161.0
26644,161.0
17796,161.0
14872,161.0
1431,161.0
39636,161.0
39040,161.0
45847,161.0
28305,161.0
14506,161.0
13626,161.0
26995,161.0
622,161.0
21715,161.0
49029,161.0
33280,161.0
12236,161.0
42975,161.0
31794,161.0
16000,161.0
7265,161.0
14239,161.0
25455,161.0
36833,161.0
12797,161.0
40535,161.0
48416,161.0
749,161.0
16346,161.0
218,161.0
32589,161.0
20193,161.0
42468,161.0
45313,161.0
36459,161.0
47549,161.0
21071,161.0
12419,161.0
15960,161.0
32654,161.0
7539,161.0
14402,161.0
42786,161.0
17162,161.0
8482,161.0
7322,161.0
30060,161.0
13758,161.0
47845,161.0
8511,161.0
23331,161.0
7340,161.0
35862,161.0
39530,161.0
7520,161.0
2944,161.0
41711,161.0
2617,161.0
49962,161.0
23150,161.0
36655,161.0
47692,161.0
42923,161.0
27291,161.0
49373,161.0
7145,161.0
6927,161.0
5924,161.0
1860,161.0
22199,161.0
43162,161.0
38931,161.0
7653,161.0
23470,161.0
32210,161.0
6537,161.0
41773,161.0
24248,161.0
9314,161.0
26517,161.0
37296,161.0
5698,161.0
40002,161.0
28509,161.0
12478,161.0
49580,161.0
35367,161.0
4153,161.0
32596,161.0
28994,161.0
27508,161.0
14683,161.0
22497,161.0
2604,161.0
9793,161.0
35779,161.0
9106,161.0
8322,161.0
39346,161.0
7162,161.0
35059,161.0
46009,161.0
24007,161.0
30839,161.0
42355,161.0
34992,161.0
48614,161.0
29452,161.0
10540,161.0
42687,161.0
1851,161.0
3800,161.0
37713,161.0
33918,161.0
44866,161.0
33113,161.0
33364,161.0
37687,161.0
29875,161.0
39114,161.0
39899,161.0
46645,161.0
22956,161.0
14945,161.0
9193,161.0
7391,161.0
23243,161.0
40797,161.0
31092,161.0
7041,161.0
16928,161.0
22050,161.0
36300,161.0
47057,161.0
39084,161.0
32319,161.0
15748,161.0
24930,161.0
9684,161.0
35160,161.0
9937,161.0
32717,161.0
41200,161.0
31929,161.0
32123,161.0
37435,161.0
48863,161.0
46987,161.0
31629,161.0
21617,161.0
41705,161.0
26074,161.0
42879,161.0
22775,161.0
11522,161.0
31259,161.0
13215,161.0
42446,161.0
27319,161.0
29901,161.0
28361,161.0
20417,161.0
27306,161.0
16818,161.0
34508,161.0
39169,161.0
15898,161.0
34573,161.0
6197,161.0
41746,161.0
42215,161.0
11343,161.0
14515,161.0
28628,161.0
47322,161.0
46710,161.0
19697,161.0
16983,161.0
14541,161.0
1228,161.0
10051,161.0
35173,161.0
42915,161.0
7176,161.0
32470,161.0
41750,161.0
18003,161.0
5081,161.0
1184,161.0
28499,161.0
280,161.0
35645,161.0
23767,161.0
33471,161.0
18903,161.0
45044,161.0
24027,161.0
14604,161.0
38732,161.0
28570,161.0
11772,161.0
2831,161.0
5342,161.0
2035,161.0
41385,161.0
44564,161.0
25938,161.0
2327,161.0
46239,161.0
3694,161.0
10389,161.0
1401,161.0
39135,161.0
17037,161.0
42280,161.0
3917,161.0
33657,161.0
16578,161.0
21457,161.0
34758,161.0
41800,161.0
2731,161.0
48351,161.0
20511,161.0
5412,161.0
3641,161.0
37121,161.0
17281,161.0
14014,161.0
32902,161.0
4278,161.0
47841,161.0
27096,161.0
35765,161.0
31307,161.0
6312,161.0
38777,161.0
17701,161.0
30575,161.0
17709,161.0
18599,161.0
48119,161.0
19244,161.0
2182,161.0
10281,161.0
15695,161.0
15398,161.0
35782,161.0
44970,161.0
11211,161.0
14241,161.0
44894,161.0
36874,161.0
1166,161.0
30325,161.0
20347,161.0
4158,161.0
40338,161.0
48187,161.0
37301,161.0
8240,161.0
9061,161.0
1953,161.0
43698,161.0
43483,161.0
36243,161.0
35514,161.0
38081,161.0
36598,161.0
18573,161.0
23920,161.0
6632,161.0
6391,161.0
6651,161.0
34341,161.0
21736,161.0
30041,161.0
33628,161.0
20083,161.0
42125,161.0
42097,161.0
30632,161.0
12567,161.0
8977,161.0
43939,161.0
9021,161.0
49305,161.0
23389,161.0
19940,161.0
15517,161.0
24671,161.0
38073,161.0
18103,161.0
10394,161.0
12436,161.0
15215,161.0
39612,161.0
25900,161.0
17236,161.0
39044,161.0
3106,161.0
42630,161.0
30990,161.0
24251,161.0
45323,161.0
15554,161.0
49063,161.0
18656,161.0
9094,161.0
2332,161.0
48686,161.0
11683,161.0
46448,161.0
580,161.0
20776,161.0
48786,161.0
7357,161.0
20425,161.0
19646,161.0
37454,161.0
25115,161.0
35042,161.0
48304,161.0
48918,161.0
13153,161.0
24101,161.0
14887,161.0
5995,161.0
30111,161.0
30362,161.0
13243,161.0
1318,161.0
6810,161.0
9142,161.0
44233,161.0
42055,161.0
32630,161.0
20205,161.0
30923,161.0
7407,161.0
49095,161.0
35219,161.0
18843,161.0
26857,161.0
17521,161.0
36258,161.0
38376,161.0
16148,161.0
40926,161.0
39498,161.0
18717,161.0
24109,161.0
4181,161.0
18957,161.0
37705,161.0
48298,161.0
46420,161.0
44775,161.0
25828,161.0
7307,161.0
3116,161.0
21350,161.0
23894,161.0
17174,161.0
4423,161.0
8896,161.0
11467,161.0
46867,161.0
49381,161.0
20322,161.0
43569,161.0
46768,161.0
43611,161.0
37544,161.0
32496,161.0
2151,161.0
18160,161.0
32163,161.0
43776,161.0
32439,161.0
15125,161.0
25312,161.0
9635,161.0
3844,161.0
41302,161.0
38568,161.0
1272,161.0
43357,161.0
41427,161.0
28102,161.0
2070,161.0
40106,161.0
38407,161.0
7428,161.0
18978,161.0
5876,161.0
33977,161.0
24987,161.0
47497,161.0
14696,161.0
17690,161.0
29044,161.0
5116,161.0
32573,161.0
16689,161.0
21889,161.0
2732,161.0
21285,161.0
5542,161.0
43192,161.0
43774,161.0
22347,161.0
43828,161.0
49433,161.0
33579,161.0
15143,161.0
31408,161.0
31620,161.0
33874,161.0
37049,161.0
27988,161.0
16146,161.0
1504,161.0
46789,161.0
49549,161.0
903,161.0
31331,161.0
21855,161.0
19592,161.0
8597,161.0
9058,161.0
48426,161.0
7360,161.0
648,161.0
36521,161.0
25963,161.0
45752,161.0
26255,161.0
27185,161.0
44637,161.0
49833,161.0
34311,161.0
11912,161.0
24937,161.0
25282,161.0
27350,161.0
9196,161.0
42332,161.0
26691,161.0
12657,161.0
46958,161.0
25051,161.0
30381,161.0
2545,161.0
6840,161.0
5856,161.0
27401,161.0
36121,161.0
49020,161.0
37797,161.0
46565,161.0
13169,161.0
33621,161.0
28676,161.0
14487,161.0
26622,161.0
31895,161.0
6416,161.0
9129,161.0
26761,161.0
10937,161.0
172,161.0
23214,161.0
42842,161.0
9909,161.0
25911,161.0
48885,161.0
42173,161.0
19439,161.0
39504,161.0
38496,161.0
18872,161.0
20713,161.0
17054,161.0
32673,161.0
38809,161.0
9539,161.0
15335,161.0
21450,161.0
12893,161.0
40011,161.0
26335,161.0
16811,161.0
16602,161.0
2681,161.0
43295,161.0
29030,161.0
26055,161.0
44292,161.0
18970,161.0
47814,161.0
21489,161.0
35581,161.0
318,161.0
31248,161.0
10709,161.0
43463,161.0
7577,161.0
23241,161.0
4897,161.0
4565,161.0
25717,161.0
47238,161.0
41057,161.0
12427,161.0
9127,161.0
5719,161.0
43358,161.0
31835,161.0
31143,161.0
25507,161.0
1913,161.0
43161,161.0
21691,161.0
49425,161.0
39223,161.0
28290,161.0
31045,161.0
5206,161.0
26806,161.0
33569,161.0
18662,161.0
19970,161.0
27001,161.0
46047,161.0
14422,161.0
31006,161.0
40028,161.0
27111,161.0
15237,161.0
11338,161.0
13183,161.0
35247,161.0
29004,161.0
18488,161.0
9723,161.0
10133,161.0
1682,161.0
45425,161.0
41739,161.0
2280,161.0
35487,161.0
19021,161.0
32800,161.0
22409,161.0
13041,161.0
33349,161.0
46653,161.0
20664,161.0
40241,161.0
41086,161.0
31353,161.0
32507,161.0
522,161.0
19530,161.0
19415,161.0
19467,161.0
28629,161.0
5658,161.0
13193,161.0
29529,161.0
41601,161.0
735,161.0
7331,161.0
4242,161.0
43816,161.0
18155,161.0
26210,161.0
15047,161.0
24207,161.0
22244,161.0
40923,161.0
8226,161.0
22509,161.0
28225,161.0
20634,161.0
16954,161.0
27079,161.0
29641,161.0
19348,161.0
39482,161.0
24773,161.0
16145,161.0
47674,161.0
41,161.0
3030,161.0
10676,161.0
38731,161.0
42953,161.0
24759,161.0
11961,161.0
18956,161.0
19963,161.0
12093,161.0
22644,161.0
21392,161.0
20110,161.0
47247,161.0
31421,161.0
21670,161.0
49326,161.0
28978,161.0
3947,161.0
25809,161.0
17209,161.0
32219,161.0
29680,161.0
31603,161.0
28745,161.0
14472,161.0
35116,161.0
33234,161.0
46707,161.0
30901,161.0
36764,161.0
45775,161.0
41817,161.0
1046,161.0
22958,161.0
39192,161.0
37237,161.0
47462,161.0
6203,161.0
23652,161.0
44529,161.0
26646,161.0
19061,161.0
32591,161.0
49587,161.0
14741,161.0
32402,161.0
6185,161.0
5361,161.0
16085,161.0
26847,161.0
18918,161.0
4504,161.0
2363,161.0
15263,161.0
8558,161.0
14304,161.0
31343,161.0
27581,161.0
20519,161.0
17888,161.0
45979,161.0
26067,161.0
41254,161.0
17010,161.0
17116,161.0
9857,161.0
26061,161.0
2818,161.0
15464,161.0
12982,161.0
1584,161.0
11924,161.0
14897,161.0
25456,161.0
20393,161.0
3620,161.0
3901,161.0
28601,161.0
33762,161.0
21689,161.0
10587,161.0
9537,161.0
14841,161.0
6928,161.0
19444,161.0
27081,161.0
71,161.0
2966,161.0
44909,161.0
12901,161.0
15619,161.0
32943,161.0
5140,161.0
40597,161.0
9921,161.0
5343,161.0
9206,161.0
29084,161.0
7156,161.0
32425,161.0
38648,161.0
410,161.0
30962,161.0
43385,161.0
25662,161.0
1681,161.0
33467,161.0
44052,161.0
1491,161.0
27503,161.0
47004,161.0
14783,161.0
32330,161.0
11639,161.0
39315,161.0
44719,161.0
40180,161.0
6433,161.0
46614,161.0
10605,161.0
16409,161.0
23481,161.0
30556,161.0
49487,161.0
47380,161.0
37110,161.0
47217,161.0
46175,161.0
47101,161.0
4519,161.0
4731,161.0
215,161.0
22288,161.0
39302,161.0
30957,161.0
14862,161.0
6167,161.0
35102,161.0
3595,161.0
25245,161.0
34515,161.0
36233,161.0
25530,161.0
47696,161.0
33057,161.0
47908,161.0
40208,161.0
34572,161.0
20323,161.0
8781,161.0
24413,161.0
41039,161.0
5200,161.0
29432,161.0
40174,161.0
3934,161.0
6979,161.0
990,161.0
12424,161.0
38462,161.0
6268,161.0
14149,161.0
5004,161.0
32626,161.0
10509,161.0
27230,161.0
48388,161.0
21115,161.0
48634,161.0
35737,161.0
35983,161.0
41015,161.0
21591,161.0
11595,161.0
47716,161.0
11122,161.0
17996,161.0
18906,161.0
44880,161.0
25912,161.0
5518,161.0
31907,161.0
31663,161.0
32700,161.0
4208,161.0
37142,161.0
39588,161.0
11876,161.0
41631,161.0
36073,161.0
4420,161.0
33091,161.0
1830,161.0
16251,161.0
48443,161.0
4631,161.0
16947,161.0
13973,161.0
9147,161.0
12565,161.0
3819,161.0
16769,161.0
14006,161.0
13206,161.0
26304,161.0
34195,161.0
38183,161.0
35621,161.0
40799,161.0
15665,161.0
14045,161.0
19984,161.0
14030,161.0
19033,161.0
8920,161.0
9649,161.0
3463,161.0
7679,161.0
20814,161.0
7218,161.0
48594,161.0
36013,161.0
25156,161.0
5479,161.0
35834,161.0
20547,161.0
20091,161.0
23857,161.0
13950,161.0
21982,161.0
27297,161.0
9520,161.0
33641,161.0
7034,161.0
19201,161.0
22531,161.0
46996,161.0
7268,161.0
40617,161.0
26342,161.0
39836,161.0
31801,161.0
48966,161.0
36184,161.0
40659,161.0
49257,161.0
19007,161.0
2908,161.0
36306,161.0
13130,161.0
3483,161.0
5678,161.0
45183,161.0
38707,161.0
39980,161.0
11528,161.0
10491,161.0
24094,161.0
21309,161.0
45162,161.0
49335,161.0
29096,161.0
27689,161.0
8941,161.0
12631,161.0
44983,161.0
21228,161.0
36267,161.0
27422,161.0
27854,161.0
8526,161.0
2105,161.0
31453,161.0
29972,161.0
35177,161.0
2008,161.0
33431,161.0
1708,161.0
48823,161.0
9745,161.0
16630,161.0
22494,161.0
7263,161.0
38792,161.0
42648,161.0
42972,161.0
3924,161.0
2345,161.0
10464,161.0
19355,161.0
9313,161.0
26790,161.0
44179,161.0
45623,161.0
41006,161.0
9521,161.0
37281,161.0
35965,161.0
28753,161.0
47375,161.0
31115,161.0
29208,161.0
46985,161.0
7065,161.0
6542,161.0
22002,161.0
22717,161.0
28561,161.0
37309,161.0
3862,161.0
25737,161.0
31631,161.0
49823,161.0
6700,161.0
4648,161.0
48828,161.0
14366,161.0
2458,161.0
34517,161.0
49540,161.0
3126,161.0
42384,161.0
15461,161.0
23485,161.0
32980,161.0
38580,161.0
49913,161.0
14807,161.0
2572,161.0
44715,161.0
2287,161.0
8452,161.0
31699,161.0
3610,161.0
4194,161.0
22284,161.0
46109,161.0
28104,161.0
17417,161.0
31885,161.0
32052,161.0
8036,161.0
19374,161.0
674,161.0
9445,161.0
33858,161.0
28149,161.0
31317,161.0
46292,161.0
30405,161.0
23157,161.0
26431,161.0
8859,161.0
48945,161.0
35493,161.0
42043,161.0
29392,161.0
13657,161.0
28837,161.0
28658,161.0
30480,161.0
43211,161.0
18167,161.0
44484,161.0
7681,161.0
49269,161.0
35062,161.0
34380,161.0
11635,161.0
40751,161.0
29583,161.0
40855,161.0
3612,161.0
19292,161.0
32541,161.0
2947,161.0
41812,161.0
15615,161.0
29397,161.0
46533,161.0
30125,161.0
40308,161.0
9448,161.0
41142,161.0
9791,161.0
30892,161.0
8,161.0
45949,161.0
4096,161.0
25956,161.0
37500,161.0
37104,161.0
23693,161.0
33516,161.0
6970,161.0
16244,161.0
17221,161.0
34747,161.0
48755,161.0
25830,161.0
43481,161.0
37653,161.0
23913,161.0
24610,161.0
1963,161.0
44851,161.0
22860,161.0
44349,161.0
41581,161.0
7278,161.0
1484,161.0
9533,161.0
39915,161.0
46098,161.0
17129,161.0
26693,161.0
12789,161.0
7365,161.0
47570,161.0
18702,161.0
5101,161.0
16265,161.0
13290,161.0
12497,161.0
40715,161.0
8808,161.0
30239,161.0
656,161.0
3119,161.0
11360,161.0
8648,161.0
46968,161.0
3383,161.0
5458,161.0
13100,161.0
2909,161.0
1896,161.0
3489,161.0
21956,161.0
8693,161.0
6748,161.0
19270,161.0
30380,161.0
26143,161.0
30597,161.0
24033,161.0
45348,161.0
48205,161.0
34005,161.0
9710,161.0
12377,161.0
35541,161.0
26609,161.0
49490,161.0
42018,161.0
20228,161.0
2756,161.0
24416,161.0
16306,161.0
47177,161.0
45931,161.0
183,161.0
46920,161.0
24899,161.0
1371,161.0
47771,161.0
12617,161.0
35120,161.0
34499,161.0
8242,161.0
49615,161.0
20823,161.0
19019,161.0
35105,161.0
5689,161.0
35731,161.0
25754,161.0
36279,161.0
129,161.0
33835,161.0
24271,161.0
9368,161.0
34444,161.0
5355,161.0
49059,161.0
19705,161.0
40162,161.0
8386,161.0
14748,161.0
29948,161.0
36566,161.0
15797,161.0
21440,161.0
26930,161.0
46375,161.0
4305,161.0
111,161.0
42273,161.0
33300,161.0
29736,161.0
40563,161.0
2837,161.0
21545,161.0
17279,161.0
1558,161.0
16029,161.0
16484,161.0
49682,161.0
44562,161.0
110,161.0
47651,161.0
9962,161.0
42166,161.0
42586,161.0
28317,161.0
844,161.0
21680,161.0
2602,161.0
35167,161.0
15786,161.0
48270,161.0
25326,161.0
32899,161.0
13478,161.0
38191,161.0
11579,161.0
16404,161.0
36231,161.0
48116,161.0
8298,161.0
40991,161.0
47007,161.0
21188,161.0
7541,161.0
33179,161.0
18447,161.0
10818,161.0
49038,161.0
31396,161.0
2496,161.0
10013,161.0
6429,161.0
9302,161.0
26504,161.0
22312,161.0
36046,161.0
44877,161.0
23003,161.0
18183,161.0
3837,161.0
10128,161.0
7617,161.0
28494,161.0
1827,161.0
47937,161.0
40105,161.0
30101,161.0
3911,161.0
13460,161.0
10690,161.0
46174,161.0
26455,161.0
37582,161.0
46514,161.0
36843,161.0
19737,161.0
24013,161.0
2013,161.0
13300,161.0
27194,161.0
7226,161.0
743,161.0
1672,161.0
23504,161.0
18239,161.0
36750,161.0
48658,161.0
22902,161.0
26011,161.0
49735,161.0
47956,161.0
9254,161.0
36529,161.0
47016,161.0
32247,161.0
23733,161.0
23901,161.0
6408,161.0
29247,161.0
220,161.0
14327,161.0
42416,161.0
3703,161.0
6811,161.0
14573,161.0
24851,161.0
46330,161.0
11973,161.0
2290,161.0
18642,161.0
22727,161.0
39678,161.0
29952,161.0
5564,161.0
9208,161.0
31486,161.0
25760,161.0
2343,161.0
17639,161.0
22608,161.0
35479,161.0
16078,161.0
31768,161.0
1787,161.0
12702,161.0
29387,161.0
11478,161.0
17292,161.0
15986,161.0
47962,161.0
14360,161.0
8845,161.0
14687,161.0
13489,161.0
37839,161.0
49209,161.0
30697,161.0
28434,161.0
6384,161.0
41079,161.0
13998,161.0
40178,161.0
24522,161.0
7185,161.0
17191,161.0
35575,161.0
40365,161.0
5882,161.0
13253,161.0
19175,161.0
3306,161.0
23874,161.0
45959,161.0
36033,161.0
23303,161.0
3065,161.0
43141,161.0
37032,161.0
37777,161.0
47759,161.0
6182,161.0
13578,161.0
46619,161.0
32466,161.0
21040,161.0
20341,161.0
34145,161.0
41632,161.0
23262,161.0
30308,161.0
325,161.0
45339,161.0
14510,161.0
19885,161.0
29105,161.0
27881,161.0
39054,161.0
2542,161.0
19917,161.0
26410,161.0
44555,161.0
8369,161.0
23446,161.0
81,161.0
20049,161.0
1804,161.0
35808,161.0
7626,161.0
49096,161.0
9062,161.0
1107,161.0
48350,161.0
11082,161.0
40804,161.0
22724,161.0
18966,161.0
13989,161.0
20089,161.0
20825,161.0
46083,161.0
17386,161.0
38789,161.0
26031,161.0
2993,161.0
5182,161.0
15131,161.0
324,161.0
22534,161.0
12052,161.0
8162,161.0
20758,161.0
29618,161.0
15227,161.0
8338,161.0
19701,161.0
24167,161.0
28193,161.0
9805,161.0
41527,161.0
21432,161.0
40933,161.0
38387,161.0
10856,161.0
29600,161.0
26333,161.0
29748,161.0
18591,161.0
24166,161.0
10950,161.0
44859,161.0
24158,161.0
46303,161.0
34535,161.0
19767,161.0
39679,161.0
1685,161.0
45267,161.0
24675,161.0
121,161.0
43102,161.0
19309,161.0
2745,161.0
17663,161.0
951,161.0
22048,161.0
4063,161.0
49550,161.0
3511,161.0
47330,161.0
8851,161.0
10513,161.0
6426,161.0
23145,161.0
17703,161.0
2326,161.0
30402,161.0
31684,161.0
47123,161.0
39061,161.0
44760,161.0
32201,161.0
38077,161.0
39747,161.0
1069,161.0
47072,161.0
37251,161.0
37945,161.0
6525,161.0
42747,161.0
41372,161.0
45479,161.0
29083,161.0
24794,161.0
27696,161.0
49671,161.0
42109,161.0
2779,161.0
17600,161.0
47028,161.0
37014,161.0
17517,161.0
32338,161.0
26344,161.0
10734,161.0
22331,161.0
17962,161.0
39458,161.0
48261,161.0
13997,161.0
34552,161.0
42011,161.0
31687,161.0
3582,161.0
20972,161.0
26334,161.0
46165,161.0
27337,161.0
20689,161.0
27063,161.0
16427,161.0
37837,161.0
9442,161.0
26986,161.0
16972,161.0
48072,161.0
1636,161.0
24966,161.0
49221,161.0
13990,161.0
44580,161.0
22214,161.0
49977,161.0
15421,161.0
19358,161.0
36119,161.0
34457,161.0
19093,161.0
37218,161.0
43960,161.0
3799,161.0
42176,161.0
42115,161.0
14770,161.0
29348,161.0
30916,161.0
12529,161.0
46537,161.0
803,161.0
46384,161.0
49993,161.0
9421,161.0
25581,161.0
28155,161.0
40267,161.0
3906,161.0
12339,161.0
10507,161.0
9235,161.0
36097,161.0
48890,161.0
23368,161.0
18518,161.0
773,161.0
10661,161.0
28354,161.0
22948,161.0
18663,161.0
11716,161.0
38100,161.0
5041,161.0
42804,161.0
46073,161.0
5960,161.0
30456,161.0
20376,161.0
14223,161.0
22530,161.0
14204,161.0
31799,161.0
33947,161.0
47617,161.0
29977,161.0
7403,161.0
39323,161.0
39585,161.0
41416,161.0
15854,161.0
3945,161.0
14884,161.0
7306,161.0
37962,161.0
35318,161.0
9085,161.0
7564,161.0
45232,161.0
36670,161.0
19653,161.0
47021,161.0
20202,161.0
35497,161.0
3232,161.0
43205,161.0
40399,161.0
12594,161.0
40175,161.0
44189,161.0
201,161.0
31215,161.0
39677,161.0
15430,161.0
30940,161.0
31222,161.0
34202,161.0
48936,161.0
47151,161.0
24411,161.0
17809,161.0
47268,161.0
3756,161.0
33142,161.0
12587,161.0
30438,161.0
13329,161.0
13062,161.0
28699,161.0
4297,161.0
30196,161.0
38037,161.0
4751,161.0
8649,161.0
44355,161.0
10637,161.0
19241,161.0
36310,161.0
24334,161.0
46017,161.0
22908,161.0
48717,161.0
4557,161.0
19923,161.0
28246,161.0
16262,161.0
20826,161.0
41176,161.0
36058,161.0
858,161.0
37969,161.0
27823,161.0
33347,161.0
31165,161.0
14284,161.0
20253,161.0
5534,161.0
36335,161.0
37215,161.0
44001,161.0
1878,161.0
29112,161.0
28474,161.0
15028,161.0
25660,161.0
25165,161.0
6606,161.0
22833,161.0
32076,161.0
41213,161.0
968,161.0
45502,161.0
748,161.0
17408,161.0
1033,161.0
39775,161.0
25161,161.0
12288,161.0
12038,161.0
28011,161.0
5271,161.0
4284,161.0
33455,161.0
47537,161.0
19680,161.0
14553,161.0
46177,161.0
6759,161.0
40682,161.0
4904,161.0
6694,161.0
36040,161.0
20507,161.0
29571,161.0
6936,161.0
16712,161.0
26354,161.0
39638,161.0
29418,161.0
36999,161.0
19438,161.0
33494,161.0
41422,161.0
44420,161.0
3076,161.0
44260,161.0
27584,161.0
46001,161.0
27405,161.0
8676,161.0
42188,161.0
47960,161.0
3564,161.0
49674,161.0
26777,161.0
3767,161.0
48090,161.0
2030,161.0
16550,161.0
12217,161.0
44444,161.0
7194,161.0
21300,161.0
9355,161.0
31838,161.0
22692,161.0
12365,161.0
23009,161.0
12758,161.0
2628,161.0
11606,161.0
29453,161.0
2500,161.0
45543,161.0
725,161.0
25698,161.0
3856,161.0
17419,161.0
9171,161.0
39197,161.0
16153,161.0
41089,161.0
36998,161.0
12972,161.0
14566,161.0
8221,161.0
16648,161.0
42866,161.0
14730,161.0
21230,161.0
17842,161.0
17583,161.0
44994,161.0
29195,161.0
32679,161.0
33809,161.0
14742,161.0
28443,161.0
16676,161.0
27698,161.0
34986,161.0
4238,161.0
46454,161.0
12640,161.0
3357,161.0
31480,161.0
36123,161.0
48893,161.0
14540,161.0
2663,161.0
24544,161.0
5103,161.0
5549,161.0
31649,161.0
2790,161.0
37786,161.0
42405,161.0
24211,161.0
21747,161.0
37972,161.0
3549,161.0
6083,161.0
31996,161.0
25847,161.0
13957,161.0
42075,161.0
45869,161.0
38338,161.0
20651,161.0
47347,161.0
35648,161.0
20957,161.0
36342,161.0
19968,161.0
33559,161.0
42186,161.0
42576,161.0
30600,161.0
3453,161.0
47862,161.0
36763,161.0
31488,161.0
48544,161.0
32725,161.0
27681,161.0
21899,161.0
44101,161.0
4338,161.0
16846,161.0
2246,161.0
48914,161.0
44027,161.0
36774,161.0
42598,161.0
20862,161.0
36597,161.0
14489,161.0
12516,161.0
21402,161.0
34353,161.0
14644,161.0
46443,161.0
37809,161.0
45525,161.0
29848,161.0
26157,161.0
26177,161.0
47961,161.0
6921,161.0
2305,161.0
7975,161.0
10997,161.0
1654,161.0
19056,161.0
39572,161.0
7118,161.0
1244,161.0
17205,161.0
7680,161.0
45391,161.0
5032,161.0
47604,161.0
18619,161.0
19741,161.0
41188,161.0
41206,161.0
14183,161.0
10478,161.0
47559,161.0
42638,161.0
43054,161.0
14632,161.0
17731,161.0
9288,161.0
22112,161.0
29255,161.0
39006,161.0
41071,161.0
27071,161.0
29003,161.0
11332,161.0
26132,161.0
42333,161.0
37060,161.0
8900,161.0
15500,161.0
39660,161.0
22723,161.0
32527,161.0
34753,161.0
7386,161.0
7957,161.0
38104,161.0
42616,161.0
30052,161.0
8207,161.0
3569,161.0
12734,161.0
16086,161.0
16343,161.0
46795,161.0
33231,161.0
42523,161.0
37926,161.0
11498,161.0
41508,161.0
7948,161.0
16178,161.0
25942,161.0
45065,161.0
43354,161.0
48196,161.0
17053,161.0
5226,161.0
1545,161.0
14732,161.0
14085,161.0
44503,161.0
40348,161.0
1396,161.0
25194,161.0
21767,161.0
32758,161.0
4645,161.0
40077,161.0
46143,161.0
26562,161.0
26102,161.0
10657,161.0
13279,161.0
14527,161.0
31962,161.0
47689,161.0
31194,161.0
11027,161.0
8764,161.0
22239,161.0
11213,161.0
3508,161.0
27090,161.0
9041,161.0
34800,161.0
24781,161.0
19899,161.0
29448,161.0
16881,161.0
29497,161.0
37586,161.0
13042,161.0
38581,161.0
5324,161.0
4010,161.0
37350,161.0
27062,161.0
24634,161.0
12351,161.0
4544,161.0
21242,161.0
38389,161.0
5596,161.0
32947,161.0
24002,161.0
41424,161.0
36830,161.0
11891,161.0
41766,161.0
7450,161.0
20207,161.0
14287,161.0
19091,161.0
36084,161.0
40435,161.0
16715,161.0
29086,161.0
40311,161.0
30773,161.0
28944,161.0
49094,161.0
19809,161.0
38188,161.0
24651,161.0
48260,161.0
36468,161.0
6601,161.0
29338,161.0
7862,161.0
35414,161.0
9585,161.0
32986,161.0
6553,161.0
22915,161.0
39353,161.0
19950,161.0
14305,161.0
35861,161.0
2301,161.0
18499,161.0
7174,161.0
6709,161.0
26937,161.0
17572,161.0
15247,161.0
35666,161.0
4590,161.0
25791,161.0
8593,161.0
32426,161.0
13283,161.0
14093,161.0
38497,161.0
48895,161.0
32327,161.0
24425,161.0
22979,161.0
25685,161.0
19392,161.0
16054,161.0
17480,161.0
47190,161.0
46022,161.0
2825,161.0
1648,161.0
6207,161.0
22625,161.0
13898,161.0
36004,161.0
16356,161.0
48236,161.0
11994,161.0
741,161.0
8953,161.0
22568,161.0
26329,161.0
48993,161.0
21479,161.0
22380,161.0
36749,161.0
32373,161.0
48230,161.0
19851,161.0
34472,161.0
34281,161.0
32909,161.0
39859,161.0
5767,161.0
22869,161.0
23263,161.0
47168,161.0
21773,161.0
34931,161.0
8306,161.0
2849,161.0
20569,161.0
21446,161.0
18092,161.0
13260,161.0
6864,161.0
27678,161.0
32224,161.0
20404,161.0
28760,161.0
11667,161.0
20061,161.0
16922,161.0
15321,161.0
38395,161.0
40276,161.0
26822,161.0
28119,161.0
22396,161.0
15369,161.0
40667,161.0
31941,161.0
20350,161.0
1978,161.0
41808,161.0
5941,161.0
8940,161.0
39637,161.0
33509,161.0
8279,161.0
21836,161.0
38562,161.0
48190,161.0
30835,161.0
6593,161.0
24800,161.0
5304,161.0
35148,161.0
30284,161.0
17447,161.0
13981,161.0
39217,161.0
36272,161.0
38130,161.0
9315,161.0
11844,161.0
49728,161.0
1053,161.0
1985,161.0
10853,161.0
48948,161.0
15654,161.0
20191,161.0
16405,161.0
7739,161.0
34996,161.0
34307,161.0
27539,161.0
43294,161.0
43505,161.0
19977,161.0
3946,161.0
48487,161.0
941,161.0
11458,161.0
22034,161.0
37476,161.0
33034,161.0
19806,161.0
45591,161.0
41211,161.0
33789,161.0
34983,161.0
44648,161.0
31868,161.0
19619,161.0
6676,161.0
22390,161.0
20789,161.0
24526,161.0
39013,161.0
21458,161.0
10100,161.0
7746,161.0
43540,161.0
12711,161.0
38148,161.0
20405,161.0
16249,161.0
7706,161.0
47206,161.0
25556,161.0
23286,161.0
49299,161.0
18400,161.0
31156,161.0
9831,161.0
3392,161.0
19835,161.0
12082,161.0
41117,161.0
9591,161.0
1522,161.0
3077,161.0
31189,161.0
20500,161.0
9025,161.0
4048,161.0
1555,161.0
14576,161.0
20064,161.0
4916,161.0
8583,161.0
45099,161.0
43927,161.0
6313,161.0
18308,161.0
23533,161.0
22250,161.0
21335,161.0
14738,161.0
24673,161.0
11837,161.0
45858,161.0
3417,161.0
11128,161.0
517,161.0
8909,161.0
26897,161.0
14189,161.0
12660,161.0
24142,161.0
25816,161.0
36355,161.0
15681,161.0
5992,161.0
24689,161.0
14301,161.0
38378,161.0
17525,161.0
24754,161.0
9267,161.0
8380,161.0
10965,161.0
27992,161.0
20146,161.0
37122,161.0
39536,161.0
99,161.0
49918,161.0
29150,161.0
44188,161.0
32911,161.0
33426,161.0
9633,161.0
30183,161.0
46056,161.0
33833,161.0
2389,161.0
35628,161.0
26703,161.0
5427,161.0
34644,161.0
20666,161.0
8277,161.0
7912,161.0
25838,161.0
25484,161.0
48251,161.0
41376,161.0
36479,161.0
20571,161.0
3754,161.0
36043,161.0
30748,161.0
46807,161.0
29587,161.0
14886,161.0
31948,161.0
2021,161.0
45644,161.0
43285,161.0
34187,161.0
44356,161.0
32594,161.0
8505,161.0
16636,161.0
9007,161.0
22938,161.0
36602,161.0
12201,161.0
39740,161.0
5894,161.0
10423,161.0
21248,161.0
6351,161.0
2508,161.0
20273,161.0
46068,161.0
39514,161.0
4254,161.0
5743,161.0
40361,161.0
23395,161.0
27835,161.0
954,161.0
27157,161.0
46161,161.0
33264,161.0
34907,161.0
23442,161.0
26169,161.0
4013,161.0
36050,161.0
45083,161.0
45278,161.0
2659,161.0
49536,161.0
42377,161.0
49601,161.0
42719,161.0
41570,161.0
27474,161.0
49983,161.0
4362,161.0
2667,161.0
25335,161.0
29573,161.0
19052,161.0
48129,161.0
49352,161.0
44693,161.0
12352,161.0
20402,161.0
3894,161.0
44830,161.0
25301,161.0
48403,161.0
848,161.0
10850,161.0
12693,161.0
17194,161.0
42874,161.0
47134,161.0
46247,161.0
37070,161.0
17357,161.0
31839,161.0
42807,161.0
49777,161.0
6758,161.0
18411,161.0
17365,161.0
20694,161.0
14450,161.0
31060,161.0
30710,161.0
16512,161.0
20728,161.0
30935,161.0
28464,161.0
14556,161.0
46076,161.0
40873,161.0
8141,161.0
46332,161.0
22461,161.0
16181,161.0
41134,161.0
31279,161.0
24121,161.0
2291,161.0
9027,161.0
24447,161.0
12484,161.0
47756,161.0
8133,161.0
24164,161.0
28725,161.0
6982,161.0
20028,161.0
21370,161.0
14775,161.0
6120,161.0
18296,161.0
32156,161.0
23935,161.0
42674,161.0
49291,161.0
39737,161.0
10400,161.0
42997,161.0
21057,161.0
9481,161.0
21123,161.0
25279,161.0
1454,161.0
45747,161.0
48826,161.0
41722,161.0
31070,161.0
27970,161.0
11484,161.0
39760,161.0
21612,161.0
6405,161.0
16378,161.0
23624,161.0
46379,161.0
40414,161.0
39224,161.0
30919,161.0
4616,161.0
9452,161.0
15281,161.0
8539,161.0
19812,161.0
34892,161.0
44102,161.0
28267,161.0
27255,161.0
18470,161.0
2195,161.0
29790,161.0
13877,161.0
30588,161.0
37400,161.0
15278,161.0
14615,161.0
31202,161.0
26753,161.0
47695,161.0
6731,161.0
44201,161.0
9009,161.0
46257,161.0
18311,161.0
34560,161.0
5788,161.0
18863,161.0
45955,161.0
26879,161.0
3278,161.0
31412,161.0
29513,161.0
14890,161.0
31594,161.0
10677,161.0
12672,161.0
32139,161.0
33656,161.0
31655,161.0
19254,161.0
14363,161.0
12185,161.0
32092,161.0
29407,161.0
17013,161.0
46051,161.0
15395,161.0
305,161.0
10884,161.0
25251,161.0
22757,161.0
153,161.0
5863,161.0
32857,161.0
3446,161.0
18674,161.0
16421,161.0
43750,161.0
1419,161.0
4703,161.0
15484,161.0
45565,161.0
5562,161.0
31565,161.0
7375,161.0
21024,161.0
22202,161.0
30611,161.0
27654,161.0
22640,161.0
17803,161.0
13730,161.0
39060,161.0
40752,161.0
20413,161.0
35198,161.0
30273,161.0
7816,161.0
41111,161.0
28082,161.0
10631,161.0
27919,161.0
10418,161.0
42729,161.0
8257,161.0
44678,161.0
8695,161.0
6852,161.0
4727,161.0
3258,161.0
45477,161.0
24986,161.0
46199,161.0
14444,161.0
46267,161.0
37025,161.0
31724,161.0
4833,161.0
9318,161.0
6134,161.0
28816,161.0
4501,161.0
11501,161.0
2943,161.0
12592,161.0
29552,161.0
6873,161.0
7398,161.0
26770,161.0
44437,161.0
39102,161.0
41672,161.0
23404,161.0
37370,161.0
42944,161.0
10982,161.0
5021,161.0
14829,161.0
9827,161.0
38297,161.0
37919,161.0
35351,161.0
11108,161.0
45132,161.0
21422,161.0
19354,161.0
12937,161.0
41334,161.0
2902,161.0
5353,161.0
20583,161.0
3629,161.0
19434,161.0
25949,161.0
43278,161.0
25587,161.0
41676,161.0
9862,161.0
4202,161.0
11824,161.0
15258,161.0
24608,161.0
35943,161.0
38875,161.0
35679,161.0
33750,161.0
6536,161.0
25901,161.0
39109,161.0
42868,161.0
34790,161.0
2241,161.0
30027,161.0
16179,161.0
32057,161.0
40071,161.0
23407,161.0
34355,161.0
16471,161.0
13624,161.0
2238,161.0
22280,161.0
11445,161.0
6903,161.0
45701,161.0
33151,161.0
22776,161.0
25687,161.0
6275,161.0
18462,161.0
21340,161.0
11563,161.0
4204,161.0
47783,161.0
36880,161.0
38917,161.0
18113,161.0
46786,161.0
17475,161.0
12348,161.0
45022,161.0
41648,161.0
30883,161.0
49486,161.0
28580,161.0
45912,161.0
35003,161.0
13006,161.0
14958,161.0
47922,161.0
492,161.0
31121,161.0
20353,161.0
16931,161.0
28899,161.0
40585,161.0
11025,161.0
38290,161.0
43660,161.0
13127,161.0
26264,161.0
32667,161.0
31833,161.0
25661,161.0
35492,161.0
31005,161.0
37092,161.0
18118,161.0
35353,161.0
42154,161.0
7719,161.0
49031,161.0
38701,161.0
19053,161.0
2719,161.0
42984,161.0
7558,161.0
5727,161.0
22013,161.0
12158,161.0
29624,161.0
7871,161.0
49193,161.0
18740,161.0
4365,161.0
47548,161.0
19714,161.0
33036,161.0
42426,161.0
42099,161.0
34720,161.0
35333,161.0
5171,161.0
13603,161.0
792,161.0
30995,161.0
25759,161.0
41295,161.0
14859,161.0
32062,161.0
35057,161.0
12118,161.0
47902,161.0
1286,161.0
16774,161.0
16619,161.0
13298,161.0
27958,161.0
39917,161.0
1044,161.0
27102,161.0
39077,161.0
41678,161.0
29913,161.0
17516,161.0
41444,161.0
15885,161.0
3170,161.0
28639,161.0
36153,161.0
427,161.0
32716,161.0
39431,161.0
44335,161.0
34403,161.0
42189,161.0
20437,161.0
15189,161.0
1191,161.0
3230,161.0
30791,161.0
30249,161.0
26269,161.0
933,161.0
40825,161.0
5357,161.0
33567,161.0
35330,161.0
41541,161.0
30332,161.0
41918,161.0
14769,161.0
4531,161.0
2142,161.0
37332,161.0
21222,161.0
20208,161.0
46468,161.0
45542,161.0
9325,161.0
32989,161.0
41729,161.0
37155,161.0
25714,161.0
20019,161.0
18925,161.0
2559,161.0
20092,161.0
37106,161.0
14169,161.0
11271,161.0
16571,161.0
48308,161.0
21400,161.0
24743,161.0
33637,161.0
6886,161.0
35570,161.0
46905,161.0
40451,161.0
9003,161.0
958,161.0
27073,161.0
2761,161.0
48919,161.0
31010,161.0
6315,161.0
10895,161.0
42968,161.0
370,161.0
39398,161.0
12692,161.0
18474,161.0
34932,161.0
34219,161.0
14533,161.0
47602,161.0
8872,161.0
16942,161.0
46436,161.0
36525,161.0
36207,161.0
29250,161.0
24097,161.0
7887,161.0
46150,161.0
43623,161.0
16426,161.0
21093,161.0
22189,161.0
45538,161.0
5662,161.0
3310,161.0
19149,161.0
3057,161.0
1906,161.0
36957,161.0
4157,161.0
944,161.0
27437,161.0
46778,161.0
38242,161.0
12053,161.0
2295,161.0
6804,161.0
13660,161.0
25024,161.0
45622,161.0
24892,161.0
40377,161.0
44402,161.0
32280,161.0
36412,161.0
44304,161.0
290,161.0
30830,161.0
45552,161.0
9572,161.0
8823,161.0
27478,161.0
45186,161.0
17708,161.0
5117,161.0
29082,161.0
37138,161.0
22479,161.0
11637,161.0
36697,161.0
32688,161.0
23574,161.0
38955,161.0
22969,161.0
27143,161.0
31878,161.0
24552,161.0
40284,161.0
14923,161.0
43231,161.0
39695,161.0
46748,161.0
43768,161.0
26843,161.0
30179,161.0
9581,161.0
28680,161.0
32824,161.0
46876,161.0
38984,161.0
49188,161.0
6082,161.0
38420,161.0
19493,161.0
1128,161.0
27134,161.0
27721,161.0
36053,161.0
46373,161.0
16414,161.0
39880,161.0
30452,161.0
15023,161.0
9236,161.0
9846,161.0
10021,161.0
47257,161.0
4852,161.0
20297,161.0
4094,161.0
38450,161.0
26263,161.0
48310,161.0
6246,161.0
43657,161.0
42309,161.0
1465,161.0
45437,161.0
40349,161.0
24132,161.0
33946,161.0
23639,161.0
18390,161.0
38293,161.0
5287,161.0
10592,161.0
41191,161.0
38838,161.0
19081,161.0
38551,161.0
31541,161.0
42499,161.0
38977,161.0
30672,161.0
43519,161.0
20386,161.0
14866,161.0
37975,161.0
8880,161.0
26745,161.0
32881,161.0
42083,161.0
38488,161.0
46471,161.0
22957,161.0
10408,161.0
38874,161.0
40121,161.0
32682,161.0
28535,161.0
27563,161.0
22266,161.0
8327,161.0
10264,161.0
38999,161.0
14855,161.0
31700,161.0
15487,161.0
18189,161.0
18686,161.0
36875,161.0
19232,161.0
2300,161.0
26384,161.0
39381,161.0
2187,161.0
46634,161.0
13677,161.0
14658,161.0
26933,161.0
22809,161.0
41469,161.0
22748,161.0
29254,161.0
21800,161.0
4661,161.0
6395,161.0
649,161.0
48365,161.0
15312,161.0
1393,161.0
6015,161.0
24637,161.0
13119,161.0
4549,161.0
44161,161.0
13299,161.0
6883,161.0
38573,161.0
13154,161.0
44608,161.0
28975,161.0
42387,161.0
6989,161.0
9124,161.0
6206,161.0
4403,161.0
16797,161.0
6234,161.0
6254,161.0
11913,161.0
2991,161.0
25202,161.0
20077,161.0
6740,161.0
34054,161.0
46608,161.0
49295,161.0
5263,161.0
38019,161.0
36691,161.0
26472,161.0
9265,161.0
17535,161.0
29470,161.0
33517,161.0
39998,161.0
10566,161.0
17816,161.0
22825,161.0
19870,161.0
26086,161.0
25116,161.0
33597,161.0
24412,161.0
25529,161.0
10553,161.0
1443,161.0
45178,161.0
49015,161.0
19659,161.0
26004,161.0
44577,161.0
37649,161.0
47241,161.0
11078,161.0
9794,161.0
21125,161.0
13586,161.0
30750,161.0
48933,161.0
36191,161.0
25807,161.0
8762,161.0
41819,161.0
5439,161.0
10230,161.0
44193,161.0
7463,161.0
23382,161.0
42103,161.0
32792,161.0
912,161.0
2773,161.0
36533,161.0
2352,161.0
23049,161.0
35579,161.0
28300,161.0
49929,161.0
27825,161.0
3943,161.0
10080,161.0
30167,161.0
12039,161.0
2596,161.0
17705,161.0
2443,161.0
1296,161.0
34822,161.0
2650,161.0
1808,161.0
23936,161.0
2862,161.0
11169,161.0
12994,161.0
8898,161.0
9312,161.0
30399,161.0
31023,161.0
32133,161.0
1749,161.0
48916,161.0
18981,161.0
18938,161.0
9655,161.0
28147,161.0
20945,161.0
4564,161.0
15260,161.0
4620,161.0
8154,161.0
7812,161.0
9271,161.0
12866,161.0
2159,161.0
48337,161.0
19228,161.0
49308,161.0
32249,161.0
14336,161.0
47573,161.0
12751,161.0
34668,161.0
31440,161.0
16467,161.0
12297,161.0
7063,161.0
28495,161.0
11922,161.0
8569,161.0
3270,161.0
22467,161.0
49642,161.0
8403,161.0
12482,161.0
10147,161.0
5862,161.0
37203,161.0
34799,161.0
7937,161.0
41967,161.0
10379,161.0
13178,161.0
19365,161.0
12733,161.0
15218,161.0
26983,161.0
20451,161.0
33353,161.0
22879,161.0
21713,161.0
32383,161.0
32322,161.0
35903,161.0
5905,161.0
42165,161.0
33202,161.0
26453,161.0
38925,161.0
14322,161.0
48607,161.0
39512,161.0
8933,161.0
6464,161.0
12373,161.0
28114,161.0
31742,161.0
16936,161.0
25000,161.0
26530,161.0
41235,161.0
16729,161.0
20550,161.0
34710,161.0
18174,161.0
11120,161.0
17645,161.0
48334,161.0
26940,161.0
15506,161.0
12408,161.0
15521,161.0
25341,161.0
3127,161.0
19490,161.0
35568,161.0
45032,161.0
30388,161.0
27866,161.0
16101,161.0
36782,161.0
30513,161.0
15573,161.0
45357,161.0
10584,161.0
8843,161.0
11381,161.0
17881,161.0
4521,161.0
35374,161.0
16055,161.0
35706,161.0
21403,161.0
11336,161.0
36198,161.0
1290,161.0
11427,161.0
39991,161.0
3936,161.0
45618,161.0
42346,161.0
37521,161.0
21073,161.0
48685,161.0
1452,161.0
1502,161.0
42279,161.0
35533,161.0
42306,161.0
2636,161.0
31112,161.0
37914,161.0
44288,161.0
43930,161.0
47509,161.0
45359,161.0
45670,161.0
13452,161.0
25951,161.0
19578,161.0
48565,161.0
31015,161.0
40491,161.0
27755,161.0
41667,161.0
20686,161.0
40508,161.0
42385,161.0
37755,161.0
14294,161.0
27403,161.0
16876,161.0
48254,161.0
5176,161.0
3316,161.0
46336,161.0
8414,161.0
11197,161.0
21413,161.0
13658,161.0
2232,161.0
4467,161.0
49107,161.0
18593,161.0
3704,161.0
11101,161.0
26595,161.0
30491,161.0
47847,161.0
44175,161.0
1885,161.0
458,161.0
32349,161.0
20833,161.0
16621,161.0
589,161.0
42771,161.0
16180,161.0
22877,161.0
30705,161.0
6099,161.0
45926,161.0
1345,161.0
469,161.0
47124,161.0
49008,161.0
43702,161.0
12354,161.0
6302,161.0
44276,161.0
15667,161.0
16299,161.0
20586,161.0
3290,161.0
42104,161.0
4402,161.0
10124,161.0
27228,161.0
13400,161.0
15698,161.0
19677,161.0
10391,161.0
16267,161.0
2827,161.0
20575,161.0
8375,161.0
27513,161.0
40581,161.0
30659,161.0
29872,161.0
16324,161.0
35543,161.0
24902,161.0
2994,161.0
48981,161.0
11575,161.0
2089,161.0
26153,161.0
27736,161.0
29095,161.0
23838,161.0
35980,161.0
22918,161.0
26464,161.0
29357,161.0
12946,161.0
9114,161.0
23826,161.0
20187,161.0
36620,161.0
10762,161.0
12947,161.0
49638,161.0
29286,161.0
25337,161.0
3548,161.0
10649,161.0
27219,161.0
20832,161.0
29280,161.0
21667,161.0
33798,161.0
13540,161.0
24197,161.0
20756,161.0
13316,161.0
11807,161.0
21168,161.0
32802,161.0
20293,161.0
36205,161.0
10610,161.0
12784,161.0
15567,161.0
36996,161.0
24502,161.0
27952,161.0
12125,161.0
16887,161.0
13498,161.0
4011,161.0
15806,161.0
7497,161.0
41525,161.0
15481,161.0
45669,161.0
1993,161.0
40969,161.0
9098,161.0
27848,161.0
21128,161.0
19683,161.0
26056,161.0
18522,161.0
5580,161.0
45819,161.0
8892,161.0
30236,161.0
8250,161.0
21838,161.0
34010,161.0
28125,161.0
1424,161.0
437,161.0
13085,161.0
45222,161.0
33979,161.0
37189,161.0
31525,161.0
14340,161.0
41222,161.0
7239,161.0
44197,161.0
20913,161.0
23965,161.0
34114,161.0
43169,161.0
43762,161.0
43061,161.0
5643,161.0
2744,161.0
7248,161.0
26375,161.0
26127,161.0
24348,161.0
32556,161.0
30910,161.0
31676,161.0
22238,161.0
1566,161.0
16182,161.0
12230,161.0
49330,161.0
42008,161.0
18849,161.0
21195,161.0
3773,161.0
5854,161.0
11542,161.0
35463,161.0
26679,161.0
33421,161.0
30410,161.0
11813,161.0
45920,161.0
7726,161.0
21334,161.0
31592,161.0
49065,161.0
37566,161.0
22903,161.0
48302,161.0
15518,161.0
48000,161.0
30607,161.0
13977,161.0
29924,161.0
26788,161.0
43810,161.0
18193,161.0
37485,161.0
5130,161.0
47289,161.0
32351,161.0
38062,161.0
18556,161.0
3243,161.0
41268,161.0
29682,161.0
49870,161.0
45871,161.0
5145,161.0
31333,161.0
23797,161.0
980,161.0
28746,161.0
37010,161.0
11916,161.0
46559,161.0
43681,161.0
6283,161.0
15972,161.0
29450,161.0
18454,161.0
41300,161.0
5673,161.0
9977,161.0
29215,161.0
11620,161.0
7587,161.0
20346,161.0
47401,161.0
45692,161.0
31058,161.0
45527,161.0
11263,161.0
21490,161.0
16080,161.0
20987,161.0
32109,161.0
28190,161.0
12001,161.0
18286,161.0
3075,161.0
1079,161.0
10500,161.0
17371,161.0
48767,161.0
5666,161.0
2990,161.0
28736,161.0
45555,161.0
12488,161.0
2815,161.0
7517,161.0
18680,161.0
17955,161.0
962,161.0
30929,161.0
1792,161.0
48391,161.0
4394,161.0
22824,161.0
40144,161.0
24016,161.0
25805,161.0
5750,161.0
35438,161.0
25375,161.0
11548,161.0
32997,161.0
39909,161.0
18315,161.0
49926,161.0
4263,161.0
46757,161.0
1801,161.0
18520,161.0
35825,161.0
40152,161.0
22329,161.0
49240,161.0
33674,161.0
32274,161.0
34146,161.0
9234,161.0
44245,161.0
29240,161.0
17203,161.0
42409,161.0
46841,161.0
40111,161.0
48483,161.0
38855,161.0
6943,161.0
35048,161.0
29508,161.0
33985,161.0
47734,161.0
5326,161.0
29599,161.0
43516,161.0
15833,161.0
37693,161.0
26860,161.0
28568,161.0
25080,161.0
18708,161.0
15201,161.0
5858,161.0
39088,161.0
30894,161.0
45279,161.0
16399,161.0
13654,161.0
13749,161.0
23966,161.0
45553,161.0
30220,161.0
24080,161.0
12182,161.0
21849,161.0
14291,161.0
24756,161.0
35014,161.0
15362,161.0
48039,161.0
36312,161.0
30240,161.0
7196,161.0
3580,161.0
36148,161.0
34096,161.0
10442,161.0
16308,161.0
4205,161.0
6958,161.0
9164,161.0
20628,161.0
17568,161.0
14833,161.0
27030,161.0
44198,161.0
2,161.0
35450,161.0
30904,161.0
7649,161.0
4218,161.0
10475,161.0
1186,161.0
46702,161.0
26827,161.0
12091,161.0
5387,161.0
17352,161.0
18845,161.0
28817,161.0
43053,161.0
11348,161.0
42803,161.0
3980,161.0
7091,161.0
21600,161.0
34265,161.0
17931,161.0
41959,161.0
25485,161.0
21028,161.0
29094,161.0
24609,161.0
44988,161.0
24543,161.0
24879,161.0
18529,161.0
40248,161.0
7105,161.0
11490,161.0
16073,161.0
4057,161.0
42724,161.0
24038,161.0
7192,161.0
35651,161.0
939,161.0
19425,161.0
18116,161.0
31660,161.0
1073,161.0
43348,161.0
35157,161.0
30666,161.0
44883,161.0
40154,161.0
42524,161.0
16064,161.0
34409,161.0
13656,161.0
45251,161.0
28136,161.0
17268,161.0
29672,161.0
28773,161.0
91,161.0
44128,161.0
26460,161.0
49623,161.0
41141,161.0
11417,161.0
35989,161.0
499,161.0
22365,161.0
35937,161.0
28244,161.0
37230,161.0
15911,161.0
20851,161.0
46506,161.0
29292,161.0
30502,161.0
5146,161.0
36138,161.0
27391,161.0
7488,161.0
33924,161.0
24787,161.0
12489,161.0
27744,161.0
12957,161.0
21464,161.0
6494,161.0
29116,161.0
47311,161.0
37859,161.0
31566,161.0
41202,161.0
28827,161.0
4646,161.0
27092,161.0
25640,161.0
31245,161.0
48650,161.0
5758,161.0
41436,161.0
28801,161.0
19883,161.0
6141,161.0
6913,161.0
10521,161.0
11533,161.0
48957,161.0
40407,161.0
20590,161.0
46433,161.0
7362,161.0
20073,161.0
1458,161.0
5202,161.0
42217,161.0
14512,161.0
36416,161.0
45531,161.0
32441,161.0
29017,161.0
1797,161.0
21750,161.0
46578,161.0
3019,161.0
33437,161.0
13372,161.0
15648,161.0
19259,161.0
17433,161.0
21369,161.0
32828,161.0
12213,161.0
6704,161.0
35537,161.0
44951,161.0
15031,161.0
2646,161.0
21795,161.0
15781,161.0
187,161.0
43431,161.0
8107,161.0
2167,161.0
6317,161.0
32535,161.0
11399,161.0
13131,161.0
49385,161.0
30283,161.0
24129,161.0
45629,161.0
49153,161.0
27558,161.0
4933,161.0
281,161.0
20967,161.0
20095,161.0
28566,161.0
39719,161.0
11098,161.0
29138,161.0
39068,161.0
28487,161.0
3724,161.0
24960,161.0
33351,161.0
30776,161.0
3282,161.0
44438,161.0
10492,161.0
12540,161.0
7733,161.0
43646,161.0
31387,161.0
9702,161.0
25422,161.0
16949,161.0
6320,161.0
10119,161.0
17817,161.0
2846,161.0
20871,161.0
15542,161.0
41230,161.0
3579,161.0
30924,161.0
38041,161.0
14024,161.0
41881,161.0
29881,161.0
683,161.0
25619,161.0
4231,161.0
5936,161.0
30234,161.0
12900,161.0
16285,161.0
5002,161.0
2924,161.0
21241,161.0
18095,161.0
49719,161.0
2692,161.0
7828,161.0
4812,161.0
36511,161.0
3447,161.0
28347,161.0
41779,161.0
8157,161.0
18766,161.0
17474,161.0
27184,161.0
39560,161.0
44925,161.0
44415,161.0
48324,161.0
28782,161.0
44440,161.0
44114,161.0
48930,161.0
1232,161.0
7752,161.0
109,161.0
40331,161.0
22515,161.0
14147,161.0
16840,161.0
48570,161.0
3530,161.0
3111,161.0
23598,161.0
19754,161.0
23130,161.0
45216,161.0
24900,161.0
38978,161.0
35828,161.0
48853,161.0
33473,161.0
37984,161.0
12499,161.0
37633,161.0
1397,161.0
12359,161.0
44375,161.0
47997,161.0
18422,161.0
15558,161.0
3142,161.0
49219,161.0
49183,161.0
46546,161.0
16865,161.0
7337,161.0
25146,161.0
34438,161.0
4290,161.0
38066,161.0
6664,161.0
36963,161.0
36711,161.0
17737,161.0
3203,161.0
45848,161.0
46889,161.0
41454,161.0
28056,161.0
36872,161.0
30376,161.0
8289,161.0
33598,161.0
17835,161.0
35233,161.0
2324,161.0
34823,161.0
31489,161.0
38009,161.0
36664,161.0
39036,161.0
37973,161.0
24736,161.0
6754,161.0
8481,161.0
10422,161.0
42518,161.0
19909,161.0
16171,161.0
46874,161.0
15382,161.0
42218,161.0
42371,161.0
24857,161.0
26700,161.0
35398,161.0
34128,161.0
4547,161.0
43237,161.0
33282,161.0
43744,161.0
6150,161.0
10689,161.0
42708,161.0
44466,161.0
38933,161.0
8633,161.0
49280,161.0
19335,161.0
34665,161.0
13048,161.0
17596,161.0
24014,161.0
33193,161.0
39496,161.0
42393,161.0
27206,161.0
19328,161.0
1324,161.0
17083,161.0
34622,161.0
29781,161.0
41953,161.0
24596,161.0
10352,161.0
14077,161.0
609,161.0
49584,161.0
41119,161.0
15259,161.0
41763,161.0
16791,161.0
32311,161.0
30071,161.0
37430,161.0
17920,161.0
49006,161.0
384,161.0
15332,161.0
39310,161.0
22849,161.0
12782,161.0
14525,161.0
29006,161.0
24640,161.0
13833,161.0
42400,161.0
476,161.0
36801,161.0
18373,161.0
24107,161.0
26759,161.0
1468,161.0
46224,161.0
6725,161.0
14019,161.0
14020,161.0
37665,161.0
17463,161.0
34019,161.0
8123,161.0
14401,161.0
7601,161.0
36898,161.0
44430,161.0
47766,161.0
3304,161.0
6343,161.0
23557,161.0
15465,161.0
924,161.0
20459,161.0
3602,161.0
39665,161.0
3876,161.0
6869,161.0
7029,161.0
34520,161.0
4347,161.0
42203,161.0
20904,161.0
41873,161.0
8542,161.0
6007,161.0
15405,161.0
23729,161.0
39783,161.0
11403,161.0
40076,161.0
30390,161.0
2626,161.0
40572,161.0
16719,161.0
39071,161.0
14882,161.0
24627,161.0
45887,161.0
39563,161.0
39571,161.0
22176,161.0
14665,161.0
20736,161.0
18939,161.0
33114,161.0
41688,161.0
47225,161.0
18350,161.0
32615,161.0
41824,161.0
5785,161.0
47762,161.0
43475,161.0
27997,161.0
7990,161.0
24047,161.0
37659,161.0
2358,161.0
48587,161.0
49351,161.0
1399,161.0
30360,161.0
15275,161.0
43314,161.0
13502,161.0
9280,161.0
38055,161.0
35521,161.0
41308,161.0
48423,161.0
38629,161.0
37468,161.0
16901,161.0
18440,161.0
40812,161.0
471,161.0
17019,161.0
33442,161.0
9039,161.0
32851,161.0
42368,161.0
42220,161.0
14972,161.0
45350,161.0
7970,161.0
39258,161.0
46279,161.0
46593,161.0
31455,161.0
22418,161.0
13927,161.0
37402,161.0
43738,161.0
30780,161.0
3644,161.0
9725,161.0
33615,161.0
27845,161.0
34915,161.0
8502,161.0
9393,161.0
3249,161.0
8914,161.0
10428,161.0
27039,161.0
25238,161.0
25928,161.0
38179,161.0
17181,161.0
10073,161.0
32149,161.0
33137,161.0
41097,161.0
11633,161.0
18045,161.0
182,161.0
9207,161.0
13661,161.0
49199,161.0
23924,161.0
14767,161.0
1144,161.0
29226,161.0
19486,161.0
44867,161.0
37959,161.0
20022,161.0
38220,161.0
40064,161.0
46918,161.0
24698,161.0
13646,161.0
37894,161.0
30389,161.0
1009,161.0
33453,161.0
37176,161.0
24363,161.0
16065,161.0
8148,161.0
48372,161.0
18822,161.0
40310,161.0
25099,161.0
10309,161.0
41326,161.0
23588,161.0
13444,161.0
46796,161.0
35824,161.0
45303,161.0
20668,161.0
35111,161.0
33505,161.0
37965,161.0
12737,161.0
10609,161.0
21454,161.0
4286,161.0
37496,161.0
41500,161.0
37441,161.0
33208,161.0
1624,161.0
38431,161.0
43779,161.0
8135,161.0
29538,161.0
9738,161.0
17211,161.0
7610,161.0
20624,161.0
31348,161.0
16468,161.0
25418,161.0
26560,161.0
2878,161.0
24434,161.0
43715,161.0
44229,161.0
34576,161.0
40895,161.0
6111,161.0
30072,161.0
4920,161.0
23603,161.0
38567,161.0
38520,161.0
43736,161.0
41049,161.0
10179,161.0
47492,161.0
35020,161.0
3705,161.0
26849,161.0
49627,161.0
22255,161.0
12839,161.0
39270,161.0
31342,161.0
33037,161.0
31228,161.0
2260,161.0
1336,161.0
44091,161.0
12574,161.0
9233,161.0
13421,161.0
26638,161.0
47828,161.0
27523,161.0
2454,161.0
14000,161.0
22599,161.0
42517,161.0
34072,161.0
47040,161.0
37895,161.0
18327,161.0
35566,161.0
18597,161.0
44019,161.0
28853,161.0
5039,161.0
28823,161.0
23788,161.0
46906,161.0
29224,161.0
33532,161.0
19410,161.0
36194,161.0
44586,161.0
29687,161.0
4401,161.0
29561,161.0
42633,161.0
15999,161.0
25920,161.0
38097,161.0
8673,161.0
36700,161.0
46167,161.0
40052,161.0
28632,161.0
3834,161.0
22020,161.0
49428,161.0
10060,161.0
36530,161.0
18833,161.0
47780,161.0
38747,161.0
35244,161.0
35418,161.0
27946,161.0
30292,161.0
1285,161.0
15533,161.0
46284,161.0
26892,161.0
36067,161.0
11948,161.0
18651,161.0
45148,161.0
1024,161.0
17542,161.0
34367,161.0
32623,161.0
34337,161.0
7276,161.0
23983,161.0
44486,161.0
20808,161.0
38768,161.0
46142,161.0
26626,161.0
42068,161.0
6198,161.0
48228,161.0
26508,161.0
15084,161.0
10891,161.0
43641,161.0
4161,161.0
19470,161.0
32271,161.0
37559,161.0
40989,161.0
18143,161.0
45203,161.0
2634,161.0
26125,161.0
32214,161.0
34406,161.0
9138,161.0
31373,161.0
11901,161.0
4179,161.0
44059,161.0
20925,161.0
32987,161.0
551,161.0
43000,161.0
41262,161.0
45855,161.0
39404,161.0
47794,161.0
11464,161.0
37093,161.0
20296,161.0
34464,161.0
28812,161.0
29384,161.0
13425,161.0
4950,161.0
18731,161.0
3317,161.0
31665,161.0
37318,161.0
21580,161.0
25923,161.0
41242,161.0
13463,161.0
48502,161.0
43224,161.0
47156,161.0
29353,161.0
6238,161.0
31909,161.0
13465,161.0
3525,161.0
40672,161.0
11154,161.0
48287,161.0
44602,161.0
24589,161.0
42053,161.0
30095,161.0
29958,161.0
41219,161.0
10344,161.0
41794,161.0
41583,161.0
10843,161.0
43607,161.0
3720,161.0
6356,161.0
6522,161.0
9289,161.0
45562,161.0
33316,161.0
18399,161.0
2285,161.0
49852,161.0
34997,161.0
40966,161.0
3504,161.0
12713,161.0
49875,161.0
28797,161.0
35542,161.0
31610,161.0
24140,161.0
41457,161.0
27573,161.0
26181,161.0
10253,161.0
44409,161.0
19887,161.0
34706,161.0
32332,161.0
3288,161.0
8662,161.0
5395,161.0
31014,161.0
10830,161.0
4160,161.0
1241,161.0
38050,161.0
268,161.0
46234,161.0
23455,161.0
30682,161.0
48636,161.0
8092,161.0
36131,161.0
12010,161.0
39992,161.0
36671,161.0
7612,161.0
15216,161.0
19491,161.0
6544,161.0
18398,161.0
33260,161.0
6861,161.0
39946,161.0
43871,161.0
21246,161.0
18912,161.0
21481,161.0
27502,161.0
10251,161.0
37319,161.0
31295,161.0
48038,161.0
25274,161.0
38944,161.0
14066,161.0
18552,161.0
29206,161.0
40794,161.0
24096,161.0
9399,161.0
45520,161.0
39784,161.0
36307,161.0
20249,161.0
39967,161.0
46350,161.0
42239,161.0
20880,161.0
9563,161.0
41721,161.0
7081,161.0
15872,161.0
12336,161.0
32617,161.0
36110,161.0
26611,161.0
25045,161.0
11668,161.0
29519,161.0
4030,161.0
16270,161.0
26760,161.0
17724,161.0
48743,161.0
11000,161.0
36775,161.0
42056,161.0
39222,161.0
49414,161.0
17296,161.0
33671,161.0
31738,161.0
16425,161.0
36727,161.0
19461,161.0
49782,161.0
39932,161.0
15364,161.0
10952,161.0
46803,161.0
20605,161.0
21105,161.0
25014,161.0
2150,161.0
16667,161.0
33566,161.0
35159,161.0
17225,161.0
34752,161.0
2375,161.0
29067,161.0
43248,161.0
17727,161.0
2098,161.0
34436,161.0
24865,161.0
45118,161.0
15976,161.0
10038,161.0
4765,161.0
1411,161.0
20178,161.0
19059,161.0
34221,161.0
10008,161.0
16367,161.0
13512,161.0
10803,161.0
45253,161.0
227,161.0
32661,161.0
46344,161.0
14037,161.0
5129,161.0
10338,161.0
49910,161.0
21883,161.0
27164,161.0
48437,161.0
8629,161.0
12897,161.0
2950,161.0
1175,161.0
7902,161.0
23981,161.0
44827,161.0
44162,161.0
20483,161.0
2892,161.0
37875,161.0
12034,161.0
47585,161.0
29654,161.0
24622,161.0
32011,161.0
34473,161.0
35165,161.0
49631,161.0
32259,161.0
18897,161.0
21540,161.0
21442,161.0
37710,161.0
48762,161.0
48210,161.0
19046,161.0
43553,161.0
42200,161.0
17952,161.0
6552,161.0
35403,161.0
47105,161.0
49363,161.0
41732,161.0
1699,161.0
19445,161.0
27272,161.0
5550,161.0
26613,161.0
7657,161.0
47785,161.0
49329,161.0
11488,161.0
25589,161.0
48719,161.0
34151,161.0
42156,161.0
35163,161.0
47372,161.0
20555,161.0
12803,161.0
34280,161.0
44374,161.0
25250,161.0
31639,161.0
32305,161.0
27309,161.0
6037,161.0
24442,161.0
1498,161.0
39194,161.0
11822,161.0
27174,161.0
16157,161.0
18963,161.0
25570,161.0
3283,161.0
31628,161.0
39056,161.0
30507,161.0
32128,161.0
19409,161.0
29186,161.0
12371,161.0
38771,161.0
751,161.0
41600,161.0
20517,161.0
28327,161.0
19111,161.0
11298,161.0
39634,161.0
24574,161.0
312,161.0
21909,161.0
19588,161.0
29745,161.0
4666,161.0
35751,161.0
39148,161.0
22129,161.0
1697,161.0
7417,161.0
12641,161.0
6866,161.0
28386,161.0
19650,161.0
5054,161.0
49770,161.0
23636,161.0
33250,161.0
7600,161.0
43393,161.0
43457,161.0
37408,161.0
41025,161.0
47279,161.0
48264,161.0
11073,161.0
12170,161.0
39202,161.0
8305,161.0
48482,161.0
47650,161.0
2490,161.0
22071,161.0
45537,161.0
15182,161.0
4594,161.0
47826,161.0
14400,161.0
31834,161.0
1327,161.0
28887,161.0
5757,161.0
34206,161.0
36154,161.0
20724,161.0
36995,161.0
3351,161.0
25394,161.0
49489,161.0
20025,161.0
49726,161.0
439,161.0
24877,161.0
6741,161.0
15254,161.0
29978,161.0
5685,161.0
42439,161.0
46101,161.0
1189,161.0
9995,161.0
44371,161.0
31232,161.0
41573,161.0
41160,161.0
33062,161.0
43389,161.0
33377,161.0
6650,161.0
46928,161.0
25933,161.0
47240,161.0
21570,161.0
33866,161.0
7982,161.0
9596,161.0
44736,161.0
27133,161.0
47508,161.0
774,161.0
46077,161.0
3395,161.0
25870,161.0
45168,161.0
21566,161.0
32117,161.0
38370,161.0
21116,161.0
32565,161.0
10710,161.0
40749,161.0
25916,161.0
11593,161.0
23816,161.0
28598,161.0
15508,161.0
28892,161.0
11297,161.0
5810,161.0
22793,161.0
47774,161.0
31788,161.0
22015,161.0
49484,161.0
48675,161.0
29708,161.0
6223,161.0
43298,161.0
44000,161.0
18648,161.0
1427,161.0
8102,161.0
41477,161.0
2755,161.0
2618,161.0
10881,161.0
12816,161.0
32766,161.0
17896,161.0
36938,161.0
47655,161.0
37620,161.0
1764,161.0
26654,161.0
28645,161.0
1657,161.0
8203,161.0
2278,161.0
49717,161.0
11248,161.0
43729,161.0
23390,161.0
37129,161.0
7748,161.0
4560,161.0
23644,161.0
47264,161.0
33219,161.0
897,161.0
37605,161.0
16531,161.0
2928,161.0
47994,161.0
16592,161.0
43379,161.0
6562,161.0
35923,161.0
10244,161.0
42537,161.0
39549,161.0
15727,161.0
32177,161.0
33311,161.0
49118,161.0
6402,161.0
39705,161.0
41028,161.0
33139,161.0
44170,161.0
28220,161.0
37112,161.0
21397,161.0
40127,161.0
34454,161.0
24057,161.0
18779,161.0
26006,161.0
36029,161.0
31124,161.0
4680,161.0
5772,161.0
22910,161.0
38536,161.0
42408,161.0
32919,161.0
181,161.0
47906,161.0
21582,161.0
15939,161.0
20680,161.0
10036,161.0
10424,161.0
46451,161.0
8091,161.0
11752,161.0
35101,161.0
21668,161.0
22096,161.0
15613,161.0
14,161.0
4252,161.0
8495,161.0
3675,161.0
8722,161.0
13557,161.0
37677,161.0
7672,161.0
29354,161.0
17081,161.0
18742,161.0
21122,161.0
40856,161.0
40949,161.0
47825,161.0
4497,161.0
47471,161.0
5461,161.0
11790,161.0
33241,161.0
11743,161.0
13553,161.0
23519,161.0
13054,161.0
13815,161.0
30270,161.0
38470,161.0
10078,161.0
23459,161.0
23069,161.0
30638,161.0
24018,161.0
38434,161.0
38821,161.0
1214,161.0
19212,161.0
10330,161.0
12791,161.0
29689,161.0
33870,161.0
3684,161.0
30902,161.0
10238,161.0
37471,161.0
15663,161.0
19167,161.0
11551,161.0
10288,161.0
36475,161.0
31201,161.0
39960,161.0
3915,161.0
26612,161.0
33232,161.0
40142,161.0
17004,161.0
41832,161.0
14046,161.0
47193,161.0
23211,161.0
41783,161.0
48879,161.0
39267,161.0
32125,161.0
44795,161.0
44892,161.0
44998,161.0
45400,161.0
45147,161.0
44337,161.0
25550,161.0
22205,161.0
24568,161.0
39155,161.0
48671,161.0
18389,161.0
32524,161.0
11226,161.0
7021,161.0
40072,161.0
3443,161.0
632,161.0
26318,161.0
49899,161.0
37248,161.0
20195,161.0
27569,161.0
601,161.0
38877,161.0
47885,161.0
9546,161.0
26013,161.0
17234,161.0
44512,161.0
39582,161.0
7946,161.0
45504,161.0
24353,161.0
25894,161.0
20038,161.0
17713,161.0
18181,161.0
31858,161.0
4220,161.0
33198,161.0
920,161.0
15527,161.0
12349,161.0
8855,161.0
18999,161.0
9427,161.0
8944,161.0
32236,161.0
35582,161.0
39118,161.0
27629,161.0
39361,161.0
905,161.0
17412,161.0
32072,161.0
26434,161.0
42025,161.0
8958,161.0
29132,161.0
44497,161.0
10539,161.0
31184,161.0
3319,161.0
34639,161.0
158,161.0
46259,161.0
4326,161.0
18624,161.0
26952,161.0
5074,161.0
597,161.0
33832,161.0
8340,161.0
22082,161.0
23884,161.0
5435,161.0
27647,161.0
37437,161.0
16469,161.0
12924,161.0
48135,161.0
10545,161.0
1479,161.0
47980,161.0
22307,161.0
32498,161.0
10114,161.0
12681,161.0
7708,161.0
33180,161.0
22198,161.0
309,161.0
39879,161.0
472,161.0
41683,161.0
18336,161.0
13361,161.0
42884,161.0
16615,161.0
45199,161.0
24479,161.0
9241,161.0
30460,161.0
37831,161.0
13481,161.0
41063,161.0
15279,161.0
5083,161.0
17688,161.0
36543,161.0
38417,161.0
9566,161.0
9688,161.0
20259,161.0
12234,161.0
28537,161.0
1271,161.0
42366,161.0
32419,161.0
16225,161.0
46620,161.0
14199,161.0
9807,161.0
15743,161.0
48599,161.0
18057,161.0
1340,161.0
48284,161.0
23932,161.0
27139,161.0
16420,161.0
49258,161.0
32897,161.0
14789,161.0
19261,161.0
8621,161.0
23541,161.0
31887,161.0
38391,161.0
40082,161.0
37833,161.0
5402,161.0
47221,161.0
97,161.0
37193,161.0
18005,161.0
24629,161.0
4914,161.0
5629,161.0
49793,161.0
43120,161.0
24056,161.0
45534,161.0
14523,161.0
49289,161.0
1772,161.0
34597,161.0
42946,161.0
47435,161.0
34001,161.0
26657,161.0
3350,161.0
42086,161.0
29089,161.0
14051,161.0
37989,161.0
21583,161.0
48647,161.0
43245,161.0
24483,161.0
14010,161.0
1492,161.0
18806,161.0
49505,161.0
3114,161.0
36709,161.0
12180,161.0
27167,161.0
15233,161.0
12104,161.0
49419,161.0
32469,161.0
29914,161.0
6667,161.0
42852,161.0
15598,161.0
44359,161.0
27596,161.0
12224,161.0
39736,161.0
3836,161.0
38241,161.0
23847,161.0
286,161.0
17042,161.0
18576,161.0
25637,161.0
33393,161.0
19661,161.0
17006,161.0
448,161.0
4292,161.0
17892,161.0
34152,161.0
20603,161.0
28166,161.0
8247,161.0
18249,161.0
15383,161.0
45528,161.0
27674,161.0
10399,161.0
44068,161.0
44939,161.0
21081,161.0
16708,161.0
40189,161.0
34196,161.0
36796,161.0
39053,161.0
4738,161.0
39399,161.0
30728,161.0
7050,161.0
27976,161.0
35944,161.0
205,161.0
30488,161.0
18452,161.0
20732,161.0
31344,161.0
9982,161.0
10278,161.0
1563,161.0
41850,161.0
33629,161.0
25796,161.0
20647,161.0
21702,161.0
38697,161.0
1969,161.0
35757,161.0
7351,161.0
34689,161.0
24769,161.0
8411,161.0
30428,161.0
11188,161.0
38022,161.0
14764,161.0
38685,161.0
21817,161.0
47821,161.0
14355,161.0
14201,161.0
6043,161.0
42324,161.0
21975,161.0
3923,161.0
44567,161.0
25881,161.0
22337,161.0
30358,161.0
17186,161.0
33695,161.0
4150,161.0
32847,161.0
21938,161.0
87,161.0
37414,161.0
35888,161.0
5274,161.0
9634,161.0
41869,161.0
23836,161.0
21708,161.0
20357,161.0
45041,161.0
16658,161.0
14609,161.0
33081,161.0
25264,161.0
45467,161.0
34212,161.0
32489,161.0
6691,161.0
49133,161.0
27801,161.0
2716,161.0
11310,161.0
44045,161.0
42980,161.0
32068,161.0
46813,161.0
23934,161.0
32741,161.0
26978,161.0
37483,161.0
39924,161.0
15539,161.0
41364,161.0
11835,161.0
44917,161.0
15485,161.0
41470,161.0
15761,161.0
15029,161.0
465,161.0
9088,161.0
3623,161.0
24489,161.0
22137,161.0
17934,161.0
47569,161.0
41671,161.0
20032,161.0
25457,161.0
9573,161.0
24583,161.0
23999,161.0
8766,161.0
44855,161.0
3201,161.0
37523,161.0
40915,161.0
5015,161.0
21455,161.0
30589,161.0
39631,161.0
30168,161.0
26523,161.0
26648,161.0
46516,161.0
33581,161.0
44085,161.0
46842,161.0
39104,161.0
37781,161.0
9173,161.0
29774,161.0
28712,161.0
47437,161.0
28451,161.0
32389,161.0
31852,161.0
26783,161.0
19829,161.0
12249,161.0
42348,161.0
6119,161.0
49747,161.0
47954,161.0
28388,161.0
3877,161.0
48291,161.0
24386,161.0
1304,161.0
46523,161.0
40058,161.0
46628,161.0
2651,161.0
47760,161.0
25829,161.0
6687,161.0
40626,161.0
6347,161.0
33024,161.0
47140,161.0
27640,161.0
3442,161.0
40080,161.0
33531,161.0
27838,161.0
14982,161.0
35320,161.0
45388,161.0
24058,161.0
17905,161.0
30408,161.0
2134,161.0
13759,161.0
10334,161.0
14858,161.0
5118,161.0
41437,161.0
41795,161.0
18154,161.0
29422,161.0
4991,161.0
6147,161.0
18192,161.0
15552,161.0
28916,161.0
31197,161.0
32812,161.0
39172,161.0
42305,161.0
20231,161.0
29463,161.0
2259,161.0
15126,161.0
33361,161.0
48555,161.0
4421,161.0
25770,161.0
48050,161.0
28236,161.0
31702,161.0
20973,161.0
48976,161.0
18667,161.0
2053,161.0
45322,161.0
15094,161.0
264,161.0
26928,161.0
45067,161.0
46859,161.0
28666,161.0
12793,161.0
21290,161.0
1195,161.0
45405,161.0
49644,161.0
3178,161.0
34279,161.0
26101,161.0
13005,161.0
1818,161.0
37114,161.0
38943,161.0
19317,161.0
24309,161.0
8903,161.0
33992,161.0
40519,161.0
38024,161.0
15166,161.0
31551,161.0
38950,161.0
18368,161.0
44514,161.0
15846,161.0
34205,161.0
38439,161.0
18139,161.0
3887,161.0
25649,161.0
495,161.0
41256,161.0
44571,161.0
44747,161.0
44498,161.0
46972,161.0
34539,161.0
36471,161.0
1275,161.0
20431,161.0
46256,161.0
11987,161.0
38767,161.0
42237,161.0
21274,161.0
26104,161.0
45570,161.0
42100,161.0
23975,161.0
4440,161.0
28112,161.0
41762,161.0
7909,161.0
25027,161.0
8269,161.0
811,161.0
41544,161.0
9295,161.0
2309,161.0
30994,161.0
10782,161.0
26902,161.0
19274,161.0
5219,161.0
10647,161.0
518,161.0
5796,161.0
24721,161.0
30854,161.0
6483,161.0
11119,161.0
14096,161.0
24871,161.0
24077,161.0
14091,161.0
14312,161.0
34188,161.0
5389,161.0
48153,161.0
48967,161.0
17497,161.0
2899,161.0
10611,161.0
46774,161.0
30938,161.0
38031,161.0
14873,161.0
27347,161.0
35750,161.0
48745,161.0
40660,161.0
3616,161.0
28820,161.0
27373,161.0
35672,161.0
42401,161.0
44215,161.0
4186,161.0
9038,161.0
34422,161.0
5490,161.0
12493,161.0
8125,161.0
43229,161.0
37156,161.0
23110,161.0
27119,161.0
43509,161.0
48197,161.0
35087,161.0
20219,161.0
4541,161.0
11584,161.0
17156,161.0
30798,161.0
45373,161.0
44631,161.0
48855,161.0
18818,161.0
35912,161.0
20238,161.0
42837,161.0
4940,161.0
5190,161.0
35708,161.0
16815,161.0
5990,161.0
38559,161.0
47043,161.0
31328,161.0
45936,161.0
8342,161.0
33834,161.0
42084,161.0
21964,161.0
26641,161.0
6071,161.0
25585,161.0
28349,161.0
36139,161.0
3501,161.0
7165,161.0
23201,161.0
17726,161.0
35926,161.0
11714,161.0
27520,161.0
47662,161.0
30211,161.0
23819,161.0
45832,161.0
23281,161.0
510,161.0
4417,161.0
16271,161.0
30411,161.0
16291,161.0
108,161.0
28486,161.0
13859,161.0
34260,161.0
967,161.0
16107,161.0
31147,161.0
21418,161.0
17003,161.0
44376,161.0
46611,161.0
38837,161.0
30774,161.0
4609,161.0
44261,161.0
2549,161.0
17538,161.0
39848,161.0
30053,161.0
29194,161.0
29074,161.0
18907,161.0
25778,161.0
41742,161.0
11243,161.0
1517,161.0
47586,161.0
1464,161.0
33243,161.0
11032,161.0
29106,161.0
39326,161.0
18886,161.0
43789,161.0
5942,161.0
44750,161.0
27777,161.0
23569,161.0
38454,161.0
378,161.0
5653,161.0
23572,161.0
5299,161.0
35230,161.0
42487,161.0
20434,161.0
14144,161.0
12005,161.0
25804,161.0
47301,161.0
2868,161.0
40005,161.0
27805,161.0
31558,161.0
32461,161.0
10386,161.0
26962,161.0
18353,161.0
25479,161.0
15082,161.0
34896,161.0
44732,161.0
15772,161.0
28444,161.0
37101,161.0
21451,161.0
49135,161.0
14577,161.0
46217,161.0
9299,161.0
6113,161.0
42447,161.0
8373,161.0
47326,161.0
46341,161.0
30312,161.0
41415,161.0
41532,161.0
10931,161.0
12473,161.0
46843,161.0
16542,161.0
48306,161.0
8358,161.0
1180,161.0
18949,161.0
29361,161.0
1802,161.0
20486,161.0
42681,161.0
37228,161.0
31234,161.0
19781,161.0
17355,161.0
46024,161.0
16842,161.0
42749,161.0
22391,161.0
19814,161.0
14881,161.0
33076,161.0
2044,161.0
42924,161.0
49503,161.0
39427,161.0
12598,161.0
42395,161.0
26765,161.0
40920,161.0
45954,161.0
30877,161.0
47744,161.0
29275,161.0
2859,161.0
40622,161.0
9740,161.0
13756,161.0
12669,161.0
28008,161.0
18869,161.0
16671,161.0
1347,161.0
43233,161.0
27024,161.0
9378,161.0
3103,161.0
5614,161.0
1428,161.0
23038,161.0
29160,161.0
49553,161.0
44070,161.0
16743,161.0
14559,161.0
33890,161.0
18274,161.0
32026,161.0
20319,161.0
9843,161.0
12152,161.0
31994,161.0
45181,161.0
22720,161.0
13558,161.0
6137,161.0
48216,161.0
5289,161.0
46936,161.0
27444,161.0
21204,161.0
14015,161.0
32343,161.0
7654,161.0
37576,161.0
10773,161.0
23701,161.0
23666,161.0
7901,161.0
17895,161.0
43066,161.0
22911,161.0
49812,161.0
41999,161.0
25067,161.0
31717,161.0
45601,161.0
2936,161.0
16585,161.0
2233,161.0
3593,161.0
42986,161.0
36156,161.0
47067,161.0
38475,161.0
46638,161.0
35026,161.0
4217,161.0
20815,161.0
8509,161.0
30145,161.0
7280,161.0
31212,161.0
45194,161.0
43541,161.0
34183,161.0
43809,161.0
33602,161.0
30266,161.0
21328,161.0
1333,161.0
22873,161.0
15160,161.0
46013,161.0
279,161.0
6647,161.0
26414,161.0
13903,161.0
6353,161.0
23336,161.0
49538,161.0
37825,161.0
6276,161.0
15600,161.0
22647,161.0
375,161.0
27792,161.0
2088,161.0
38501,161.0
9441,161.0
16349,161.0
20821,161.0
25050,161.0
19080,161.0
14349,161.0
45240,161.0
4901,161.0
6515,161.0
26886,161.0
38586,161.0
1147,161.0
12960,161.0
30288,161.0
40760,161.0
12991,161.0
46399,161.0
24535,161.0
15018,161.0
49530,161.0
44836,161.0
27834,161.0
45037,161.0
45169,161.0
17599,161.0
10369,161.0
47656,161.0
10701,161.0
49324,161.0
34048,161.0
29368,161.0
7282,161.0
39356,161.0
5138,161.0
397,161.0
20027,161.0
26033,161.0
45066,161.0
39508,161.0
12624,161.0
19176,161.0
49821,161.0
13392,161.0
4149,161.0
32711,161.0
41032,161.0
13207,161.0
47295,161.0
37990,161.0
19712,161.0
37294,161.0
43125,161.0
45925,161.0
13801,161.0
24350,161.0
29515,161.0
36557,161.0
27775,161.0
11779,161.0
35083,161.0
399,161.0
7568,161.0
14502,161.0
27345,161.0
23031,161.0
46069,161.0
49263,161.0
35332,161.0
46847,161.0
4215,161.0
5184,161.0
15608,161.0
44777,161.0
13059,161.0
34283,161.0
19610,161.0
15700,161.0
49101,161.0
37682,161.0
6988,161.0
22699,161.0
5501,161.0
4816,161.0
47632,161.0
43043,161.0
4572,161.0
22452,161.0
25286,161.0
4184,161.0
42830,161.0
3603,161.0
567,161.0
10963,161.0
23869,161.0
48978,161.0
47461,161.0
45713,161.0
18710,161.0
10576,161.0
6248,161.0
43047,161.0
15726,161.0
47337,161.0
34129,161.0
45156,161.0
32893,161.0
7606,161.0
6025,161.0
28660,161.0
23758,161.0
32745,161.0
25315,161.0
42799,161.0
1639,161.0
38835,161.0
19833,161.0
46071,161.0
17318,161.0
8994,161.0
41594,161.0
25273,161.0
3389,161.0
31580,161.0
47884,161.0
29457,161.0
9549,161.0
20197,161.0
38523,161.0
8687,161.0
30013,161.0
43589,161.0
36373,161.0
19731,161.0
34425,161.0
41374,161.0
24732,161.0
20553,161.0
8769,161.0
40619,161.0
46286,161.0
29495,161.0
30396,161.0
19927,161.0
4049,161.0
22614,161.0
30427,161.0
25944,161.0
42246,161.0
40449,161.0
31811,161.0
5765,161.0
5816,161.0
30048,161.0
7237,161.0
23039,161.0
41789,161.0
46410,161.0
15937,161.0
38936,161.0
9104,161.0
14303,161.0
26977,161.0
2680,161.0
13609,161.0
48692,161.0
7376,161.0
36890,161.0
2506,161.0
38284,161.0
21927,161.0
49396,161.0
23046,161.0
43896,161.0
15963,161.0
35879,161.0
19569,161.0
2715,161.0
15562,161.0
9698,161.0
28990,161.0
4771,161.0
9536,161.0
42245,161.0
37282,161.0
45748,161.0
22335,161.0
19665,161.0
15250,161.0
36227,161.0
17017,161.0
34126,161.0
31584,161.0
6376,161.0
43479,161.0
25203,161.0
15816,161.0
26771,161.0
16855,161.0
36262,161.0
438,161.0
30224,161.0
7316,161.0
4929,161.0
24682,161.0
16934,161.0
5243,161.0
4472,161.0
19601,161.0
8048,161.0
28457,161.0
14300,161.0
31964,161.0
40465,161.0
13067,161.0
38882,161.0
17832,161.0
29107,161.0
47858,161.0
4236,161.0
44793,161.0
38705,161.0
8724,161.0
29118,161.0
20764,161.0
17511,161.0
33856,161.0
27240,161.0
9410,161.0
14522,161.0
20796,161.0
43579,161.0
37704,161.0
23659,161.0
37355,161.0
40520,161.0
24529,161.0
5827,161.0
9620,161.0
35906,161.0
34953,161.0
27903,161.0
17757,161.0
30881,161.0
22866,161.0
14207,161.0
34772,161.0
36435,161.0
49091,161.0
17256,161.0
11672,161.0
42573,161.0
46689,161.0
42311,161.0
29133,161.0
9049,161.0
2623,161.0
6335,161.0
25864,161.0
44213,161.0
45328,161.0
32434,161.0
41788,161.0
32872,161.0
17397,161.0
7574,161.0
47292,161.0
16613,161.0
24801,161.0
23638,161.0
7830,161.0
17837,161.0
8709,161.0
3109,161.0
1417,161.0
31770,161.0
15103,161.0
21705,161.0
31069,161.0
3496,161.0
37364,161.0
37249,161.0
30815,161.0
35107,161.0
14899,161.0
16722,161.0
39446,161.0
16702,161.0
17732,161.0
31507,161.0
15136,161.0
14659,161.0
37295,161.0
24136,161.0
34107,161.0
45764,161.0
40432,161.0
29617,161.0
48603,161.0
18137,161.0
46642,161.0
28079,161.0
49766,161.0
30841,161.0
22859,161.0
2497,161.0
43265,161.0
38610,161.0
15389,161.0
11116,161.0
33099,161.0
10485,161.0
44853,161.0
47336,161.0
13596,161.0
32637,161.0
5776,161.0
41701,161.0
46643,161.0
29499,161.0
44763,161.0
14935,161.0
45957,161.0
5149,161.0
40381,161.0
34051,161.0
6550,161.0
46892,161.0
47964,161.0
48994,161.0
9659,161.0
10995,161.0
34656,161.0
28739,161.0
12308,161.0
49979,161.0
30466,161.0
25304,161.0
42047,161.0
1110,161.0
48227,161.0
42035,161.0
6011,161.0
29238,161.0
7556,161.0
47957,161.0
20398,161.0
9300,161.0
354,161.0
1134,161.0
45725,161.0
44381,161.0
32001,161.0
10945,161.0
22514,161.0
13984,161.0
3012,161.0
43601,161.0
42880,161.0
9230,161.0
32063,161.0
38716,161.0
18392,161.0
40714,161.0
39586,161.0
44507,161.0
29331,161.0
7641,161.0
12268,161.0
44041,161.0
18725,161.0
38358,161.0
40539,161.0
10045,161.0
2826,161.0
36329,161.0
26167,161.0
4033,161.0
15825,161.0
48014,161.0
2714,161.0
40693,161.0
13562,161.0
13152,161.0
34091,161.0
15466,161.0
17137,161.0
24633,161.0
25419,161.0
45605,161.0
2857,161.0
10086,161.0
5537,161.0
22567,161.0
48992,161.0
4078,161.0
18428,161.0
5982,161.0
49353,161.0
42777,161.0
9036,161.0
25673,161.0
31409,161.0
48742,161.0
11273,161.0
29009,161.0
42131,161.0
480,161.0
16215,161.0
36553,161.0
31843,161.0
30188,161.0
267,161.0
46780,161.0
28668,161.0
1091,161.0
44558,161.0
42740,161.0
39526,161.0
18343,161.0
42077,161.0
30579,161.0
3194,161.0
35964,161.0
30911,161.0
47878,161.0
2338,161.0
1198,161.0
46676,161.0
7779,161.0
9872,161.0
29596,161.0
30123,161.0
5135,161.0
14116,161.0
39950,161.0
20650,161.0
3008,161.0
38421,161.0
9569,161.0
10030,161.0
28826,161.0
16982,161.0
21023,161.0
30551,161.0
8935,161.0
42575,161.0
24317,161.0
24842,161.0
10569,161.0
26339,161.0
46413,161.0
40091,161.0
5511,161.0
34870,161.0
6340,161.0
43446,161.0
48299,161.0
48104,161.0
24647,161.0
6247,161.0
36773,161.0
2221,161.0
34105,161.0
33606,161.0
3931,161.0
22653,161.0
27360,161.0
7031,161.0
49137,161.0
775,161.0
574,161.0
44346,161.0
44089,161.0
1466,161.0
6168,161.0
3368,161.0
15308,161.0
3439,161.0
7493,161.0
24433,161.0
40726,161.0
36955,161.0
23147,161.0
10222,161.0
27790,161.0
38749,161.0
38674,161.0
48915,161.0
19086,161.0
43689,161.0
9772,161.0
34738,161.0
30391,161.0
6798,161.0
37271,161.0
