id,CONSUMO_EP_VALOR
33554,230.49
9428,210.24
200,174.9
12448,175.37
39490,137.23
42725,181.6
10823,158.2
49499,179.2
4145,209.68
36959,164.11
43107,188.05
38696,164.92
6189,190.86
1415,159.08
18472,160.86
29283,108.87
15178,143.88
34305,139.48
12610,155.3
12145,90.81
6114,186.73
15909,183.02
822,121.79
15119,139.4
13467,151.42
26498,190.16
42112,137.84
30189,165.14
37238,202.74
33110,140.53
36481,123.58
24149,167.72
5504,116.85
3919,217.39
38479,174.24
21124,157.53
49718,125.12
42295,166.16
47610,115.37
11077,162.88
41515,201.23
22063,165.03
9414,156.51
38341,149.9
30264,205.17
41253,127.72
14645,159.06
26336,158.91
28103,23.35
17524,176.88
24713,145.18
40486,152.91
3851,155.69
40041,165.67
15268,165.29
49147,244.75
30002,227.38
45927,155.72
43825,154.02
17241,204.22
4893,145.84
726,158.18
22950,172.83
34658,193.47
37214,197.35
20305,207.28
15270,119.82
22368,160.41
42685,189.85
46735,157.77
11733,186.2
18620,162.25
48493,138.39
26804,164.56
44306,111.05
47523,146.96
32208,149.13
2531,168.81
17747,158.88
8271,222.53
15080,155.34
13625,157.1
30639,237.65
30441,130.89
36057,128.91
42652,179.58
36804,199.16
48225,198.9
29227,138.13
5634,204.64
5988,168.41
48064,142.54
1813,136.04
27579,188.22
16824,157.06
3929,152.15
37287,162.65
25046,151.7
15728,146.46
29601,202.87
10431,108.33
25769,209.91
29104,183.23
36538,132.87
39329,189.96
35540,195.57
28076,170.11
17841,150.11
27803,188.41
7683,163.23
24280,238.63
33071,236.31
35558,135.43
37190,230.14
47150,36.36
46916,174.63
9802,159.5
38801,126.91
24670,162.51
44234,196.35
31920,178.7
7135,159.77
33705,153.74
29661,123.6
17894,165.48
22019,155.17
13539,149.62
43119,147.15
36421,163.03
9406,142.22
13414,146.11
6721,128.89
15602,183.06
44744,117.75
31139,147.23
2730,70.09
38243,142.4
29626,165.25
47895,165.39
42091,151.28
36400,121.22
6245,200.83
5546,207.94
4065,131.1
12852,214.31
21803,126.9
41164,213.89
6233,173.76
3863,136.72
35095,187.44
40196,154.24
39251,140.16
6218,194.1
36776,35.17
42977,110.52
48468,174.96
14832,130.13
30093,208.25
8894,161.45
6021,167.16
46089,104.13
15243,125.25
45308,186.25
26551,191.36
6035,157.82
7906,139.28
32226,134.11
6018,168.05
21880,161.35
2792,194.28
42606,190.52
5824,170.36
15388,142.46
29562,219.59
39476,195.14
293,218.03
16958,186.16
30861,173.24
14074,117.25
21857,106.3
22080,164.63
17024,212.47
8740,167.15
15826,182.78
2742,136.45
18049,159.04
49937,245.49
17373,162.91
22022,187.18
46365,163.33
23538,156.08
45500,187.31
40186,150.4
9614,122.34
43282,200.52
37892,152.72
26179,140.03
45893,167.2
20934,188.6
40972,165.46
22225,134.58
24382,175.84
34856,186.47
48578,165.58
38537,177.23
31756,182.63
7754,188.48
46639,191.07
43835,117.14
26236,159.72
44230,177.67
49597,199.3
18553,131.72
43137,148.16
36673,228.08
43650,146.02
3941,140.51
31497,142.63
26594,163.71
23922,138.38
26403,184.86
45943,214.67
48526,148.35
18316,160.97
36894,151.07
26696,130.71
42128,204.4
14171,187.26
3733,166.07
7882,164.15
6017,122.97
23030,175.23
35474,152.89
49686,174.59
4818,181.11
41694,221.15
12008,169.64
41328,174.03
9507,174.62
44799,151.77
34063,185.92
27475,179.8
31144,125.27
21236,121.73
1391,173.73
38250,146.09
37625,108.79
42029,161.47
20835,184.52
14758,161.2
26397,177.84
6809,136.83
9226,105.66
48395,46.06
5396,1576.33
6944,113.07
23871,188.4
32493,216.36
36346,118.13
10756,130.65
12302,168.77
48387,153.33
42746,148.51
29090,158.55
44713,132.82
14344,171.16
38173,179.54
5072,183.58
24122,160.04
48810,216.16
17821,141.92
1123,193.56
11265,162.3
30580,179.83
45465,169.6
48217,149.47
43045,217.67
15657,160.27
1901,166.81
148,183.25
29643,142.4
3212,150.89
43851,151.07
2355,135.41
31521,131.45
42584,139.04
43338,104.31
45285,136.06
46957,168.97
48791,140.68
36586,161.6
10466,222.71
7822,155.08
7206,191.18
6414,147.89
34047,166.17
12729,136.13
6926,172.53
27996,157.24
37613,174.11
39484,142.88
3017,165.28
1641,167.77
8884,70.53
37602,142.42
12970,191.78
23464,143.24
15758,134.56
44077,141.07
4087,117.71
509,138.72
6355,146.97
29645,184.64
20816,143.52
6235,127.29
31990,133.78
12996,164.77
42502,140.47
38921,154.87
263,161.69
7892,113.99
10528,143.38
18601,180.98
24115,160.87
33499,134.82
13472,169.17
31726,170.83
23691,153.33
10558,106.95
6557,155.74
45578,210.53
41504,121.16
27873,193.54
10811,146.95
38215,199.73
11731,162.69
27439,164.73
21780,166.41
34080,155.6
22916,183.55
8086,207.88
43468,179.22
14710,148.81
15467,176.28
37173,132.68
28749,161.4
3105,164.46
709,167.15
38386,203.25
23445,134.91
26511,163.25
8467,229.59
6231,262.5
46359,142.0
39358,106.56
16387,36.42
34166,39.73
4169,154.56
5804,193.65
12754,154.21
2190,209.84
12188,187.8
31728,149.02
19246,159.61
37867,147.78
43515,132.76
8719,173.61
28825,173.77
24469,205.6
48253,106.81
7202,167.2
9283,274.37
26821,122.26
27374,191.46
22493,160.18
45638,126.85
45880,296.68
29340,162.73
46548,158.3
10804,177.77
20965,120.19
30033,188.43
5223,236.52
660,150.88
33246,140.83
5866,150.66
48872,190.59
22986,160.58
28881,148.7
47088,110.17
26528,164.49
9648,35.36
49546,194.22
32375,149.24
26159,145.59
11712,167.49
27239,172.25
18354,146.2
49515,255.0
21725,38.22
25925,161.52
41390,215.82
4773,176.62
35205,197.91
27879,147.75
5875,159.02
17805,160.51
34224,160.8
7842,172.57
15923,126.35
28367,141.86
12084,43.21
20034,166.46
14488,181.12
20819,157.9
37518,141.48
44236,124.23
48651,157.22
36236,174.75
21070,176.28
9524,124.96
32756,159.54
12054,191.66
23594,144.53
8038,120.93
46977,174.88
16400,117.6
45786,150.28
34616,116.18
7625,208.0
13662,172.38
37737,172.1
26542,141.3
13268,222.78
18083,147.44
48086,182.74
42768,182.01
4071,155.7
16287,169.03
1119,209.17
10075,166.14
11374,120.47
32685,159.08
46434,165.31
25350,153.73
6716,178.06
34568,217.38
1031,126.49
22754,165.44
11762,149.88
35897,153.62
14493,165.61
25086,202.48
20396,153.38
4814,239.57
8995,196.11
49692,168.94
21375,145.93
30243,214.43
47579,194.94
1165,137.55
24811,141.43
21110,152.83
3698,182.42
11439,113.62
4470,196.71
9808,171.13
47768,164.83
6749,170.26
49185,117.5
17379,216.04
36885,151.15
13357,130.45
32405,141.73
42455,130.06
46066,130.04
11539,159.21
2009,163.4
3222,158.6
44997,168.35
18763,166.74
14166,163.97
40684,174.81
25081,173.66
1823,149.05
44662,208.81
6849,199.0
12636,181.55
37669,184.12
6096,171.22
39249,192.8
10578,252.37
31075,171.24
29113,79.02
10193,172.56
315,167.28
11450,157.89
30746,164.57
29703,101.97
27659,174.34
23686,259.75
28376,174.73
3086,177.69
49372,128.9
3752,205.11
5049,137.4
29187,168.89
30709,184.48
20147,282.47
32250,190.13
4970,146.9
30526,140.13
18495,167.87
38065,208.97
41837,191.21
32753,146.06
20074,166.39
26274,167.82
13650,156.42
25534,167.75
17522,150.04
25481,158.16
48235,119.96
48788,135.99
32390,130.97
5087,217.68
17253,164.13
4040,155.24
18387,194.21
4247,151.76
18628,173.75
880,134.17
23299,148.47
29753,97.43
30173,235.01
28560,106.51
18864,117.88
43344,226.12
34211,150.05
26084,164.23
1942,177.03
22226,149.76
44692,124.29
43240,122.06
23860,93.35
14159,185.32
33876,157.85
48105,128.89
23450,158.13
6624,225.97
38265,182.63
26242,110.04
47592,186.24
24156,120.12
32059,179.05
9332,146.72
43565,166.07
3494,280.93
4879,222.7
47063,155.22
999,221.56
37087,148.55
36438,134.59
34750,121.89
28617,151.73
37096,147.06
22811,147.47
7143,230.35
21559,116.09
9936,149.57
4789,125.61
30511,95.31
31190,169.69
20084,131.25
10824,128.8
673,149.67
15595,190.37
43049,147.15
21912,185.37
11869,170.62
34691,117.47
11322,156.18
44212,156.0
24615,190.96
12006,125.13
3940,207.66
4614,132.28
36760,228.32
31459,168.5
44953,186.34
4348,188.24
39328,143.67
49923,118.16
22394,222.16
3157,158.71
29918,269.68
37224,142.01
13479,161.9
13872,165.46
38556,136.76
25330,111.09
44685,172.13
986,156.94
37140,171.81
35034,141.37
23731,140.59
7531,115.48
44395,219.37
32949,138.19
30878,131.83
29931,150.94
23416,204.71
6060,118.53
23680,235.47
15941,148.35
6949,153.43
30096,170.86
41340,180.34
49599,184.35
33184,164.07
16581,254.27
1389,159.12
21351,272.22
49751,208.16
34432,128.27
24455,122.28
40360,178.96
18578,207.77
33452,179.35
47853,136.68
5,148.93
29183,146.38
8231,188.73
5947,168.32
7823,120.5
19487,88.62
15385,224.97
41100,161.46
18184,184.21
27162,141.22
11646,222.76
24391,143.81
4851,135.41
47436,198.52
42207,171.04
45341,165.89
28170,101.17
3420,156.01
42591,104.19
38735,40.98
36720,187.65
29498,164.85
4363,141.11
4029,243.93
3427,148.42
20269,135.31
20058,171.73
11479,221.46
47945,139.27
29393,115.56
29047,116.96
8565,155.1
39507,173.98
49805,110.54
25450,177.63
34922,172.76
30478,291.74
13520,145.88
34008,164.59
21316,142.17
42425,224.92
48901,123.09
47633,176.84
49789,170.59
44232,128.15
10724,180.72
13155,173.68
13763,191.31
42812,184.92
30804,163.35
36261,125.65
21437,148.94
25971,197.62
32204,155.71
7181,149.75
41281,185.38
28087,167.98
13702,160.97
1004,176.09
9059,124.62
44235,131.37
25675,126.58
45056,134.56
35144,222.02
38163,152.86
22477,144.91
23007,150.16
45344,187.6
36128,91.05
49710,184.87
13099,221.4
37196,110.02
4108,126.98
41336,269.92
25223,169.6
35840,318.42
29719,112.98
46953,149.8
29828,151.77
17543,168.75
24916,132.47
4514,118.05
19937,145.63
46525,167.32
24511,210.25
27442,150.63
12002,161.72
23354,217.31
27293,189.08
34204,171.97
12148,165.19
15292,118.73
46880,37.5
8691,178.17
12654,179.58
31470,161.08
2955,149.84
3004,180.22
15814,144.66
6657,134.44
12774,208.55
39531,109.29
34408,147.0
8837,112.08
14618,156.13
22836,198.09
15981,109.38
37916,143.05
1571,152.77
35908,216.34
26090,135.4
20914,168.4
9958,195.02
18276,176.44
15432,196.05
23494,144.42
15790,199.22
35780,193.26
11981,111.14
44906,180.46
35763,215.39
27093,170.06
46835,220.59
33438,115.19
47381,148.47
1591,167.66
26756,219.93
21759,118.21
3002,153.68
44112,221.04
43520,132.2
629,217.76
20737,153.93
11903,135.9
6367,141.29
17133,141.27
9479,203.56
41871,180.75
12933,138.75
13642,151.83
19627,161.21
9952,96.41
28963,151.9
28446,114.06
19699,175.19
44224,164.08
2997,149.29
13638,164.97
22471,243.99
36087,157.45
28918,141.5
17650,222.21
27956,90.44
2855,128.61
13390,163.48
13049,150.15
22333,154.39
30578,185.12
34735,182.6
19539,176.51
39587,180.62
5573,130.68
47751,23.86
30964,148.22
35496,180.18
20263,134.62
44660,144.62
21746,24.3
47249,194.54
36228,191.96
28787,216.66
35620,163.57
46000,128.25
49513,119.7
44515,153.38
28684,192.52
31549,123.89
31965,114.92
9434,175.16
22374,193.26
21623,164.2
12452,119.8
11800,158.08
31389,137.4
20769,145.63
4829,132.23
14590,213.67
1508,125.84
18613,214.37
19303,138.42
38310,170.45
1739,187.53
35876,130.74
47068,153.77
5115,158.07
24907,146.87
7636,185.01
14399,163.48
36171,218.18
9184,159.34
36797,171.79
37623,172.26
1656,166.29
4327,177.39
27378,183.94
19045,48.55
44329,198.54
9662,134.34
15915,153.59
25467,132.8
13611,162.29
11671,138.31
1220,199.2
38864,115.59
12558,207.95
39144,173.06
35509,205.85
11853,161.93
13239,108.1
29951,140.35
27985,190.27
22091,183.19
48990,209.42
40640,168.8
28912,198.78
8571,139.24
38432,130.94
40526,208.45
35550,129.72
29488,177.02
26038,192.12
19371,165.44
44735,167.0
6916,766.91
14999,153.45
16751,184.02
29960,181.59
28857,153.74
38912,173.63
5844,128.12
15770,151.16
27099,36.31
34727,112.46
20931,160.75
12314,138.55
8294,182.07
49409,173.11
22320,156.96
20487,166.36
22611,188.92
12466,145.39
41513,119.65
48610,40.89
17673,140.05
8566,148.65
42906,132.31
33295,224.43
12929,116.72
8384,232.11
26547,149.44
21161,181.07
25332,233.59
417,232.14
38314,227.4
40759,135.47
1407,225.17
27989,179.98
20658,201.31
46982,192.77
29902,179.35
32870,141.54
21614,129.77
18693,200.9
14463,147.5
13530,134.73
29805,115.6
1445,189.7
18219,177.21
45064,152.4
30647,183.03
49168,162.46
39990,120.51
44756,173.21
48346,151.28
42970,139.1
20420,147.46
10897,168.22
45621,116.19
36350,109.89
19313,141.84
5583,148.01
6683,158.01
30680,192.66
28389,209.09
6848,163.71
15982,169.34
33676,120.26
47504,173.94
7566,152.9
20729,214.76
7412,118.07
25355,118.38
47739,180.42
9759,152.57
9768,96.83
7134,206.18
28594,160.39
41210,177.61
23112,91.22
44347,182.76
22810,262.42
20508,162.41
45706,171.37
21762,180.77
21496,236.26
11505,179.07
32457,180.61
44210,102.05
43813,187.91
18265,189.04
41115,227.51
20035,142.0
10076,139.32
37297,250.35
14277,161.06
35781,231.12
16871,137.59
4230,131.62
49030,182.01
168,135.69
14447,133.49
36717,138.15
36165,190.05
14474,156.55
44427,162.51
46117,181.79
30626,171.65
9961,163.41
38723,169.98
28345,110.02
16438,185.32
8854,175.36
17364,152.46
4581,214.06
47304,134.05
44680,151.44
15193,189.23
31448,163.19
5526,152.56
39228,186.53
3468,165.41
15074,103.36
48706,167.46
13610,210.43
18786,220.49
39758,183.51
24217,143.27
33986,163.43
11626,154.86
12137,125.78
12629,140.58
28348,173.24
43512,150.79
5873,110.51
48244,165.37
33982,164.38
31261,222.15
12293,161.62
42287,135.38
13665,151.62
12951,136.44
31757,157.85
14514,182.87
20458,163.11
41547,152.14
851,192.18
34768,164.7
24913,150.64
17970,188.46
28377,94.85
9890,95.31
46456,178.35
38500,147.35
16248,156.91
8787,150.28
35430,159.82
19104,148.74
44143,149.09
14787,188.94
18217,160.86
29737,199.48
18195,165.62
42356,160.19
20186,173.41
38611,169.74
22656,123.84
31786,150.24
36667,212.54
44905,103.84
6080,121.05
15556,159.1
48062,134.32
24408,143.75
44889,146.14
6425,206.89
46203,147.63
42285,211.01
45699,106.05
41461,209.32
28418,146.22
18151,217.19
30624,150.4
3151,152.23
18185,177.33
26731,199.81
12515,177.12
36056,212.44
40833,183.7
34374,136.2
45453,140.87
34308,151.66
46162,170.22
37976,197.12
21233,164.01
20327,147.35
27005,92.39
45594,139.85
25848,137.94
7440,113.6
37341,148.35
10027,123.37
20966,175.62
7285,111.76
30275,141.32
49968,174.51
31159,245.02
15618,188.46
9619,225.19
28873,152.72
37268,153.9
18811,165.53
32954,163.14
29894,129.08
32505,183.63
27732,175.02
31314,166.1
31845,198.18
4274,126.27
47404,137.92
23362,112.27
2323,144.95
14973,135.16
16452,135.07
14546,164.22
19314,172.4
23671,140.66
37050,99.72
45913,147.41
26320,172.01
33922,163.25
6323,210.54
466,153.67
3254,155.14
10987,133.63
14751,150.08
14785,167.66
565,170.82
43127,168.37
12725,172.51
33808,191.02
7299,157.85
25389,164.38
19686,171.11
34489,154.77
37828,127.59
3594,160.92
12401,115.72
29940,150.04
24855,118.91
21776,193.55
38919,125.2
7526,135.68
8902,152.16
24779,153.54
40304,197.91
39666,136.48
31513,178.86
26723,174.72
11905,227.83
32150,252.91
48832,234.32
21258,190.78
43773,193.86
42847,111.71
32749,95.59
34536,156.66
31921,137.49
34537,172.94
9074,198.37
2339,163.9
17027,157.65
20215,147.37
10993,171.28
16340,175.54
49127,249.75
42628,145.71
43377,207.63
7271,189.53
26458,177.52
16282,149.24
8727,136.9
24193,179.01
29728,176.11
1567,139.68
43977,129.33
11754,168.25
37023,251.64
34921,299.42
13366,172.42
37399,110.31
36169,151.11
12426,212.51
645,156.15
1040,114.88
28077,210.97
11215,68.42
333,152.44
6484,180.53
45639,229.65
32733,169.84
8179,164.36
16759,140.16
47722,175.33
33288,154.25
45683,200.94
47934,147.15
35573,234.27
28810,175.84
20362,216.08
4450,161.3
47535,169.2
18204,224.74
18727,126.53
28132,157.8
12916,191.69
46304,133.19
39062,142.27
15510,123.9
16422,133.89
2575,158.22
38351,190.73
34003,243.89
10601,175.94
6937,145.51
34097,140.03
38823,112.1
30889,243.17
1499,176.13
29446,148.13
29518,200.05
32132,119.98
31915,149.88
20538,230.26
31680,142.53
28407,194.93
49271,156.17
47069,123.65
28692,75.89
48330,176.01
41821,161.06
13535,154.82
35459,257.22
4860,214.68
30932,163.94
14075,178.09
39012,170.72
15445,237.47
42645,208.54
42825,149.12
485,174.07
40140,106.96
35249,201.19
47553,156.62
35752,175.64
31135,198.1
19233,162.32
14476,268.33
29801,220.71
31802,222.06
24676,134.52
5237,178.87
28202,88.61
8043,145.32
3768,120.36
31210,212.26
22330,157.45
37278,130.27
29833,170.17
7525,111.43
6808,145.15
11099,140.04
4730,149.26
6770,187.71
23258,170.79
9554,144.86
11911,160.37
25134,183.46
19367,41.08
16003,145.37
1645,163.29
45781,235.93
20135,167.34
28822,164.94
27637,169.11
40658,134.13
3280,165.13
43954,132.57
39538,156.6
44981,142.34
22666,166.03
8249,217.05
16167,203.04
31709,144.85
37418,161.54
38543,161.76
38706,185.03
40565,489.6
26085,118.11
17005,161.09
42437,184.06
6706,192.41
10173,170.08
22086,225.5
48744,179.26
5153,175.27
13060,153.57
17722,120.33
42214,157.33
24802,182.29
20156,190.72
5147,149.09
32730,179.79
49253,167.32
49477,155.93
39443,171.16
43121,145.8
18577,91.87
41585,206.5
35109,110.42
36718,210.3
20617,130.79
17769,122.09
16398,200.42
1233,191.07
40280,105.1
11070,214.67
32394,86.47
9431,143.8
17864,156.46
34418,146.25
44845,148.62
27617,196.47
13035,194.05
1604,161.81
25037,122.37
43369,222.76
8538,208.04
28602,211.28
30645,218.11
37322,168.32
17285,218.12
8376,165.77
32583,166.15
49233,140.2
15351,163.06
42886,213.9
33627,184.01
1537,165.4
42912,150.01
21191,135.54
1182,151.13
6584,234.43
11500,164.06
30781,191.67
10127,180.87
13023,178.01
34213,189.34
48908,220.62
21229,178.77
4456,169.05
8441,176.23
5713,202.75
27663,126.25
19825,173.57
31176,189.86
11710,146.49
15720,198.04
20476,155.78
18425,165.45
9550,138.6
43966,177.23
31207,155.63
12968,154.49
41471,124.63
46711,193.71
9294,115.44
38336,149.49
18615,162.31
38275,37.12
4520,135.48
22110,183.19
42243,198.07
18223,105.9
45396,158.08
4885,186.59
4507,211.25
42664,127.21
25812,122.07
11125,112.47
665,221.32
19131,150.01
40411,174.02
18300,148.18
6685,212.61
502,145.33
28099,171.1
44872,165.38
32651,140.85
41289,165.56
33571,175.78
31893,156.77
49651,160.68
48952,169.55
18088,131.06
11179,180.76
19603,107.0
13252,168.75
16417,156.9
23207,180.62
39881,180.49
39376,175.21
11437,117.34
45270,145.87
29464,118.18
6737,172.92
20687,188.73
17050,164.16
45512,159.25
4845,225.17
3273,239.08
32714,128.29
33178,186.77
49771,61.81
31808,229.9
33270,153.65
16096,236.07
8905,175.54
8407,149.41
5013,233.11
4244,157.71
15419,124.82
41124,183.82
29756,174.93
32164,117.55
31980,172.87
36444,173.04
16482,172.38
1115,155.6
14876,135.09
6267,156.52
39209,196.75
32427,232.15
11918,160.31
23181,166.59
41354,153.59
35149,173.28
30573,189.17
47807,164.68
45286,176.94
42791,158.09
20997,148.5
34299,99.7
22049,109.61
2529,176.5
30519,158.78
29541,187.18
27441,107.89
43855,190.19
26939,165.27
2985,124.12
14774,276.44
27928,172.44
22426,149.98
26390,171.99
42169,164.07
45903,188.68
19186,224.44
18987,144.4
29621,172.9
20561,171.6
35150,129.34
24235,201.33
15434,178.87
2864,235.32
23220,236.18
16663,189.3
15768,147.34
14479,130.71
9956,155.1
31403,231.27
21050,169.1
34970,92.86
24269,110.65
23205,173.9
3378,149.03
1600,659.44
477,175.94
10799,158.35
8640,145.66
22143,172.09
22183,185.42
9933,194.58
21047,142.83
45443,114.0
36232,186.13
43953,127.39
38327,189.46
38593,168.3
17782,233.87
29876,95.43
31071,162.93
22257,215.75
9460,148.63
10666,201.53
8332,163.2
25866,171.8
48002,176.0
17555,133.28
38887,230.44
28591,167.79
15303,134.98
27981,184.8
19594,164.14
11840,193.23
19063,173.33
26701,168.3
39869,143.52
18827,156.58
44783,146.78
13474,115.25
1812,232.1
5577,169.33
13605,203.98
45815,153.95
19288,91.86
45445,125.92
2214,202.39
27631,227.62
43905,179.56
30732,152.48
21256,162.15
22983,194.21
16040,144.65
2673,160.06
29364,178.03
2609,162.11
20497,132.93
47609,138.63
5160,174.22
39382,165.03
35577,198.41
34235,146.84
32778,125.94
11402,147.53
10505,208.76
33527,116.29
41590,196.22
5755,142.75
44771,180.06
22012,158.34
45389,131.78
20938,146.66
21935,145.25
8035,110.86
7127,177.37
47616,96.18
47791,176.14
46123,200.64
35847,173.58
34583,127.91
13083,107.81
40647,159.34
21906,130.85
25239,141.55
35976,160.17
6497,152.25
43694,180.78
33525,170.06
20702,145.46
13313,158.97
10037,193.2
14165,191.04
31155,432.43
24949,175.16
35309,176.51
47764,144.56
32908,143.42
45610,156.62
5254,192.19
19105,218.95
32806,168.35
40517,169.5
3883,206.54
22989,152.67
31225,133.22
3419,143.13
38930,193.91
23542,161.41
26355,240.35
19772,132.73
10190,188.85
44563,102.0
44561,164.0
44945,170.4
5196,189.85
37256,173.75
31611,149.61
2192,143.32
31040,154.71
46777,119.18
7786,188.98
46173,165.32
42979,101.45
48127,184.5
3155,207.23
22796,212.69
29896,157.87
16913,149.36
41043,206.15
42716,229.9
7442,135.98
12849,98.76
12620,158.35
19747,140.3
1423,196.76
26895,109.46
6066,136.0
37617,159.79
37029,135.27
43198,198.75
29229,138.14
29836,187.74
22686,134.12
22342,160.64
45714,166.7
34760,146.59
5216,144.73
48813,122.19
44918,167.76
39365,164.78
47379,121.03
2900,207.05
13308,147.23
18862,129.43
14161,181.32
15154,160.38
2562,135.64
7309,136.31
19224,146.73
39544,131.64
33681,97.12
39098,182.38
44841,188.01
44615,106.68
27192,134.37
17477,108.4
14804,132.75
26838,138.7
10263,164.15
44191,219.99
43279,192.07
30949,230.69
42990,157.1
19710,190.03
28469,157.47
544,147.83
23823,180.06
28067,159.85
34416,154.98
39628,169.57
1164,138.01
29747,172.89
2211,206.99
23002,110.29
32301,163.7
46321,152.01
28828,171.05
44405,175.62
18199,165.95
1902,152.16
37461,157.43
17693,154.11
28201,149.33
24783,157.57
28969,174.21
38889,158.22
35969,174.56
30876,121.89
38949,200.62
15360,139.6
42752,105.4
44470,152.55
19715,159.73
11608,154.22
36168,253.69
35572,168.42
30442,168.28
39647,191.87
45247,224.39
10435,221.95
45592,140.33
33541,222.57
4163,133.51
24262,138.73
27619,143.34
17467,147.85
2442,160.89
6212,192.4
16369,143.2
6897,115.44
27591,153.65
27722,124.34
6401,168.46
46283,125.53
30128,173.43
19028,174.2
33822,125.76
32757,160.49
47478,166.03
31633,214.05
18559,229.57
16626,126.14
17532,174.33
37648,150.14
33396,125.74
17828,133.07
14428,185.74
1006,218.03
5489,111.99
45616,187.38
17407,149.95
455,150.32
4245,166.7
39506,139.56
43384,174.51
34293,131.05
41414,167.67
44592,180.88
31954,133.24
29981,218.13
9392,210.41
22339,231.65
11709,249.01
12967,171.45
45665,125.96
12825,169.07
29862,158.02
36408,170.85
19205,197.04
7777,121.8
35973,217.69
46216,133.66
26543,117.69
26717,167.32
41854,152.28
15470,209.51
27056,104.15
11063,216.77
12111,184.14
14519,135.57
37533,153.12
33613,192.1
13434,120.59
3054,181.85
17453,150.06
27506,156.2
48931,206.78
20001,45.13
39080,161.03
9274,142.53
10135,138.35
2983,149.05
31600,198.79
47438,250.06
40224,184.37
5771,182.41
34871,212.67
29000,192.93
16321,160.99
38545,202.6
14816,166.6
17963,163.88
23648,136.28
8480,145.95
22896,144.38
18854,238.07
39475,140.96
9354,152.1
25043,147.44
46016,127.11
2758,136.7
12215,100.52
23492,105.95
28028,126.88
4129,208.44
30612,256.22
7916,23.17
27688,134.09
25573,113.76
2183,144.22
29966,159.72
26217,195.1
4823,149.45
2111,159.21
20932,165.97
25271,170.78
177,170.08
5684,161.15
47938,173.28
32859,167.19
28222,170.79
28531,215.55
15850,201.19
23745,140.37
43284,152.86
20614,122.44
27820,179.03
38873,221.13
27588,175.15
41890,144.87
23873,136.43
10916,154.04
22990,186.26
47402,190.55
20375,145.92
24684,137.64
8054,157.68
1742,158.78
25117,131.61
24185,124.36
13632,136.17
4304,217.87
21988,49.49
35720,117.63
23461,149.54
10445,114.59
42407,183.26
15710,223.67
33010,134.64
10280,180.22
20946,141.95
5654,189.45
4817,170.57
36891,175.36
39174,174.98
15057,215.1
13944,174.96
21682,228.24
35500,127.83
11029,157.72
4449,188.58
39839,178.06
42197,161.39
32526,185.63
30353,153.0
27615,160.23
20950,137.58
45485,208.98
38588,153.65
17250,121.38
3432,156.49
46131,158.05
1793,133.69
4866,222.23
27416,126.16
17915,162.78
37333,165.35
7593,119.7
47135,128.71
44991,119.02
40269,197.43
5170,110.94
35152,157.43
46636,159.72
32958,170.2
40262,182.22
11808,132.01
42049,149.72
2711,110.64
12884,227.66
46276,224.8
44109,191.44
5228,206.84
34402,220.18
46087,33.16
5187,150.64
13710,184.67
18173,195.81
39230,215.68
2580,140.68
35601,200.37
38533,189.95
29485,169.28
25443,207.45
46698,163.88
1585,210.94
47460,154.13
18330,176.36
8189,137.37
8932,148.2
33141,211.48
21589,172.05
30814,196.93
45261,137.26
4868,176.83
9101,224.39
21007,189.36
42996,111.1
28564,236.88
41966,194.76
21029,159.54
21398,181.3
30759,123.45
26870,237.61
1705,170.39
41474,110.94
49579,139.88
47743,197.15
11569,150.42
31449,119.69
30879,250.48
34155,162.37
8408,166.21
45877,152.86
10017,161.12
11045,155.25
28438,168.53
27225,127.29
25454,157.37
4422,154.95
1277,144.65
27244,149.61
331,127.95
20295,160.19
2433,166.0
6348,157.16
31810,152.55
23469,259.58
17392,162.33
36045,113.51
39581,152.78
20256,232.48
26720,110.27
9726,115.2
42726,105.4
14846,226.14
4884,160.77
40466,106.52
41337,162.23
9799,235.55
16430,148.12
4265,175.65
28502,102.1
48837,220.36
19786,127.82
15632,159.63
11902,108.76
16113,92.17
3716,174.14
43726,168.32
1181,220.83
6068,161.23
36254,165.0
41884,167.82
950,204.77
36503,166.56
8201,117.12
49181,178.9
48905,118.59
48862,176.12
42700,121.94
44391,169.53
12147,120.76
29209,188.69
37982,156.11
20970,219.59
7991,151.38
4673,166.37
4460,167.27
25594,115.85
11114,172.57
34681,204.07
15869,130.01
31414,155.12
13621,160.43
4156,141.77
27885,151.26
16930,151.72
26670,159.43
46227,125.03
29243,131.59
27540,166.14
25150,140.26
20795,166.08
18685,156.25
44362,169.9
13327,195.58
34830,151.89
29953,152.91
22772,201.4
16948,168.45
7709,113.73
21156,88.9
2361,175.58
49376,213.49
33642,146.35
34695,153.4
49724,127.34
36526,145.25
12007,161.09
31490,147.08
39708,183.74
17009,164.08
26176,223.89
30834,176.21
21445,205.12
43180,117.67
29988,135.24
30722,166.53
24788,149.76
44492,155.93
44779,194.8
32430,166.13
10990,258.99
22848,136.73
6677,24.93
14529,180.65
15810,235.73
3503,195.44
11949,173.81
11210,163.91
4109,207.84
5036,109.43
43563,134.91
18273,137.55
47263,170.18
2523,115.62
23167,186.0
24677,203.05
38154,215.44
7169,145.11
12366,111.36
21083,184.68
43742,368.12
39136,212.86
33583,170.57
31703,215.2
38238,177.38
22359,173.09
48247,171.63
5930,169.77
38283,108.83
40524,166.67
14750,164.96
11035,161.07
25201,149.45
29459,119.34
1176,136.22
38938,185.9
48126,153.93
47643,147.34
6050,160.8
35665,243.72
38145,176.22
33826,177.14
25387,131.7
41042,232.23
24933,233.83
9764,123.42
36882,159.73
3777,179.14
10004,145.84
13034,169.09
19664,223.54
3038,175.37
46902,140.31
7064,167.87
4234,167.92
27605,133.7
19647,214.95
4983,122.78
21177,201.24
48272,155.99
470,118.05
12860,120.99
33450,162.59
18379,95.0
25310,232.84
24709,121.77
29071,205.46
4776,158.97
25025,169.34
33433,189.35
17076,158.46
18055,189.62
11669,145.59
1098,208.87
5371,141.96
39073,175.13
30514,218.07
1283,161.39
37581,155.41
41092,171.54
12582,145.39
39516,107.03
48075,105.9
15478,156.83
5523,173.72
23812,143.63
48467,181.24
33047,134.42
38196,140.91
21194,226.79
45272,161.99
10742,165.69
48560,158.92
25842,164.27
43817,109.0
843,104.98
10055,152.9
2060,190.66
6205,74.85
6176,120.85
7366,220.23
38302,160.08
3920,139.74
32634,165.54
12552,138.75
40577,176.66
33749,179.28
9532,190.92
7221,216.55
21672,122.01
16782,145.6
41582,138.9
49613,174.2
10390,169.24
29213,178.04
17177,166.72
46989,102.87
47499,253.58
1711,214.12
47542,140.92
46408,230.59
26942,164.68
33612,169.73
28108,171.43
31399,127.27
46193,185.14
3169,132.13
48316,163.92
25985,222.82
5047,111.97
15713,182.23
3211,154.63
45043,118.38
14086,156.87
14765,174.18
44103,169.91
19414,168.32
4349,117.7
12726,196.7
34025,163.3
41114,114.13
37932,208.77
16254,125.81
42985,154.11
27292,164.29
13913,172.85
26575,106.17
43741,152.09
15674,156.32
3397,181.58
11071,224.27
45456,155.71
9888,112.06
22904,154.49
16829,157.07
20252,115.02
43250,114.65
33084,154.47
48499,169.93
13248,164.17
18098,221.5
20566,145.45
35975,152.38
32460,161.21
7273,113.6
18875,143.31
17625,147.74
37774,141.28
4830,237.27
4856,30.96
33174,150.62
21213,127.04
16755,186.72
32892,221.06
27948,224.23
15336,176.57
46684,184.38
16163,121.29
24450,144.79
3571,167.32
29638,100.75
42040,129.88
16126,165.29
7950,203.23
44805,173.11
34331,96.85
2494,174.73
47487,142.68
13151,158.93
33199,191.02
17032,158.81
39394,208.53
47115,162.19
14596,185.23
33943,163.7
15501,154.34
11166,146.23
48147,115.02
29646,256.65
36289,175.94
33600,150.63
18443,128.34
6924,153.57
36512,160.1
46482,109.62
8493,262.95
29051,152.74
19648,141.74
11475,220.35
25788,139.56
10272,93.44
19305,151.71
28154,223.78
27706,169.99
47009,157.3
37285,175.76
40352,164.14
23679,122.86
1864,155.87
39935,183.18
2594,162.02
11038,95.13
33900,180.28
4977,117.21
13633,219.65
20639,160.57
33648,147.8
36558,125.31
22310,126.62
26377,201.83
41377,143.03
28504,184.15
34233,146.07
3699,148.69
26140,167.5
42603,126.45
29491,234.97
45840,108.0
14737,107.19
35956,192.08
3520,179.79
29414,171.58
43375,143.07
4963,135.03
47216,114.85
17771,188.91
16072,157.94
45843,144.82
3886,179.09
21825,147.75
15725,159.74
2005,139.69
6057,139.05
22293,202.29
3137,133.62
21729,237.14
13098,154.86
34428,148.9
44344,147.25
49722,517.16
44727,159.51
4316,151.29
11434,110.82
33239,100.6
47413,126.59
29367,182.13
31024,128.81
17622,146.28
13353,169.66
25261,168.9
4806,199.66
45637,163.77
29469,145.08
30897,164.42
22884,147.04
42329,168.83
28815,115.36
34797,169.56
48681,168.29
16523,205.79
34411,198.71
30294,168.67
16862,161.06
37200,171.89
37715,142.65
26362,153.9
23393,111.72
40907,182.75
36274,183.32
34976,178.64
48572,217.18
22637,145.7
38161,172.58
32791,113.51
34516,132.0
342,153.95
28852,149.49
15640,170.04
7482,113.48
22173,171.42
16236,152.63
34440,135.42
9304,159.98
31764,133.95
4409,224.89
15128,89.59
20466,347.25
15179,159.31
16049,163.29
22270,168.11
48939,127.75
19682,210.11
18684,139.58
35536,164.9
16108,161.57
13760,162.33
24494,109.24
33815,174.15
38797,170.89
9829,117.47
37811,186.76
45298,165.91
36297,205.35
19139,149.61
28890,197.8
11430,109.39
8474,154.42
31429,168.0
25230,135.34
48134,152.61
5344,128.58
6430,169.92
10099,167.64
32320,180.92
19892,780.93
7469,110.72
34030,133.73
38248,193.77
9621,150.27
24561,156.92
5298,149.41
10440,158.2
18111,170.85
9562,152.72
48361,50.19
7457,120.58
8664,139.91
43406,148.96
13507,40.7
6891,148.36
46831,216.82
46704,368.51
39127,156.38
38473,169.37
6194,162.29
33181,144.99
4253,127.87
15954,165.57
30521,183.02
22808,242.65
21584,141.7
2419,201.38
43474,166.25
24110,143.51
36561,126.68
31406,223.66
29906,157.07
1955,192.55
35072,152.19
45791,167.75
10658,158.39
3026,132.91
27392,181.06
13971,169.48
2117,197.61
44219,166.0
18634,116.05
7921,113.46
31123,145.19
7343,170.03
22168,139.48
14132,176.01
2869,81.52
3654,119.33
21995,163.32
22372,137.73
26474,150.46
9737,223.5
49794,122.06
26601,175.83
25542,186.69
38906,109.15
15086,121.57
40413,134.29
18279,171.64
18290,238.16
2970,165.69
28557,220.84
6836,154.49
45468,152.54
13580,114.81
32129,136.48
23444,174.22
145,116.39
29707,163.71
9878,181.4
17582,130.55
33252,113.94
16345,154.89
24104,147.33
47235,128.85
4623,331.94
40553,1866.16
1254,169.15
13076,185.51
28365,220.78
7144,185.67
17839,197.36
31493,134.71
30169,174.54
41841,197.8
40085,174.4
12801,164.76
6195,168.77
13686,159.74
23380,193.57
27064,177.18
34163,154.0
45521,175.97
16543,132.05
14564,143.76
26766,152.32
49616,127.54
10854,166.41
29181,159.07
39363,174.45
38960,206.9
12372,166.29
44510,122.01
28233,164.46
12124,146.41
17312,145.15
33818,139.71
3618,161.98
1122,122.49
48746,130.3
26186,203.36
31589,149.86
43814,191.69
24804,154.26
28453,95.38
35352,191.04
32606,36.01
31578,221.49
32898,239.28
21749,178.95
10211,187.69
30479,154.14
24527,88.57
39454,158.18
48003,164.59
21366,106.56
22816,152.45
33754,161.63
41620,122.09
20331,215.38
27652,153.68
16034,170.32
45694,129.21
43868,142.56
7880,116.63
2085,218.26
36921,171.93
12688,190.14
13322,127.47
17833,190.25
32611,226.64
46169,148.75
45418,182.64
4036,152.46
23657,175.76
19013,142.8
44034,169.61
400,132.67
28161,212.41
17437,138.29
41096,162.42
22495,187.07
30823,170.95
20051,119.0
40023,114.87
12760,161.06
31167,162.17
6468,119.59
32238,226.15
1373,171.5
38359,148.47
927,138.41
35818,165.57
10116,169.43
8319,160.07
26073,168.64
29730,150.21
9626,150.31
3786,157.13
20886,189.85
6905,149.01
6479,152.56
27149,180.87
33658,228.82
38900,183.12
26817,174.01
35547,170.17
41572,168.31
24448,162.92
30246,218.37
22558,178.53
45579,156.73
17736,163.21
25981,163.01
5865,176.42
6530,175.35
10537,215.0
28213,149.22
7361,135.04
38903,214.09
12511,166.66
10454,118.93
18378,135.7
20738,216.93
43336,156.17
8394,194.55
21103,107.5
1163,153.44
2532,141.76
7845,119.24
26048,34.87
39017,182.38
41843,179.1
12703,223.5
33513,138.3
19803,166.4
5752,140.18
34356,145.52
30770,117.67
36493,163.92
25058,157.36
15822,141.89
28284,157.88
13651,150.84
40571,171.7
17173,197.64
12284,187.76
35461,234.31
34060,222.47
35236,138.75
26634,128.78
24471,197.59
18416,169.12
18955,153.34
37194,233.09
20719,183.64
37401,153.54
3264,163.99
46180,123.97
31126,129.49
42233,146.62
43714,174.68
7025,199.9
17499,111.49
29713,128.53
32788,202.94
15108,140.07
2477,188.07
48078,198.02
11349,143.91
29035,101.7
1912,152.34
27728,157.65
36500,143.47
42094,176.09
49531,215.57
27312,100.24
14599,168.84
12075,120.75
41321,170.69
28988,215.82
2099,218.6
19534,222.8
34940,161.87
8024,186.0
13254,124.89
1986,138.41
26012,172.55
3336,165.82
26621,156.6
11745,171.72
18477,171.78
47612,200.14
25537,145.74
20865,129.33
43447,21.74
8007,155.3
29077,172.49
43721,134.72
23001,143.76
28194,129.2
21513,134.2
21025,110.12
15295,160.18
11662,157.58
31719,155.54
42116,181.47
28242,187.36
43152,144.32
9695,191.67
25566,215.27
34445,212.57
14110,102.0
12959,255.22
23315,125.87
17927,206.76
20414,151.16
22459,129.52
44363,185.39
5677,136.73
43367,139.89
33872,129.68
610,36.27
30921,143.03
25260,118.07
30394,127.3
38326,178.65
44289,128.51
48465,176.89
9290,105.77
26407,170.31
28059,150.69
22296,153.25
22052,107.01
44452,165.0
12513,162.21
48576,109.56
18776,198.47
15715,147.2
7977,164.85
33176,194.34
47635,149.89
8345,257.94
30590,136.96
11898,188.46
25496,136.87
22322,171.35
17680,172.48
12470,182.57
4658,173.05
48394,194.93
1688,194.53
22182,149.2
12792,164.94
8041,117.96
31062,174.85
35027,211.68
14830,274.09
38849,174.98
20063,176.33
28278,164.65
34548,159.72
10905,115.69
19221,136.93
24430,200.52
47350,218.35
18112,158.56
3542,125.53
25563,164.25
6760,113.08
33830,161.97
21276,154.39
38233,134.44
14351,109.06
1227,148.66
9160,187.24
25666,182.44
20545,41.76
4120,209.01
278,191.23
19037,165.39
20047,132.57
38649,216.16
37313,234.88
854,188.52
43087,133.9
46494,177.36
19536,150.61
16464,168.78
36747,173.04
29861,150.78
885,161.93
47843,79.77
21462,188.53
9404,182.03
33416,158.92
40744,152.55
23977,131.51
28140,149.2
46079,169.53
20718,145.45
27648,176.93
29971,157.78
24243,103.5
3036,155.83
6977,167.94
31766,163.82
23702,123.29
22078,138.87
19236,143.48
19893,234.04
36415,104.08
43916,179.1
14698,98.01
28276,176.81
49862,142.59
49925,152.31
49960,211.16
10093,146.31
47577,162.19
34859,154.14
12806,173.66
12423,130.8
28729,151.36
41924,137.42
28237,217.63
23311,156.73
27812,136.07
14712,162.25
18795,197.16
6889,110.36
772,117.52
2768,110.46
33763,216.26
43247,171.92
32833,147.83
13063,161.75
44157,168.05
34737,215.97
24514,179.74
46126,164.36
38235,217.59
25210,186.54
26935,144.37
21363,163.81
32641,137.07
46346,134.32
22573,121.75
31855,158.61
5224,124.72
13180,108.07
17124,168.42
20090,127.08
5967,124.2
36448,214.68
647,180.85
3781,199.67
20232,111.5
19264,155.16
24762,155.92
17161,114.26
30810,155.32
19736,183.05
47429,239.59
38060,158.82
430,153.87
9912,175.8
4017,149.06
2976,145.45
22228,109.85
46023,133.03
31428,223.66
38534,184.37
32234,184.87
37011,171.06
18751,193.22
46249,144.27
8410,192.82
10407,163.53
23956,177.57
23042,204.92
19834,166.57
48428,157.2
7269,196.22
44594,156.97
1139,197.07
4986,159.65
2886,152.75
48414,225.56
14978,167.49
38404,169.16
23792,155.47
10994,145.11
44422,131.56
26582,174.86
3121,165.8
39203,41.34
37448,128.53
4058,294.57
31986,215.49
49292,103.99
18870,196.45
27740,163.87
7071,216.98
33875,174.79
29559,138.75
17584,126.85
43157,265.5
18584,109.53
13459,183.38
17725,146.52
4570,202.28
31514,177.84
21497,112.13
18176,138.61
6330,143.91
14875,180.78
40463,163.2
47442,169.29
39231,163.73
30147,171.59
49347,193.22
199,137.1
1449,166.1
17758,151.66
44012,145.19
10269,190.93
32009,163.85
20834,167.74
34627,171.08
8660,182.59
10046,108.9
16380,181.04
17245,133.27
31571,160.29
19724,124.8
40337,156.78
12619,127.8
5747,188.27
44071,109.29
43135,166.01
23576,231.76
47224,227.93
25327,173.75
44217,169.78
19820,179.52
47714,187.41
45674,158.4
41828,135.39
3841,162.28
34966,158.5
5646,191.98
33932,111.32
25316,141.25
23047,129.33
9673,176.55
45834,151.29
9243,145.37
35275,187.26
32447,137.8
682,138.94
45180,133.08
46940,121.53
41769,110.41
8813,151.38
40265,140.82
25267,193.06
49380,166.4
28592,154.63
12759,120.25
8475,158.97
24803,142.02
13506,144.18
18216,156.43
44985,176.06
6225,93.04
33323,129.51
32157,163.2
45144,165.45
10461,190.01
34111,152.45
36901,148.43
36463,163.41
586,171.5
26502,211.61
39110,139.62
29317,183.28
23209,119.4
43786,145.99
23585,205.67
47911,143.02
40065,165.75
7651,213.38
7585,170.53
40552,188.29
36928,157.36
13374,108.27
13485,152.14
24493,142.18
2464,151.26
9830,200.69
31685,148.76
37429,131.63
20340,742.84
48860,164.64
44241,178.47
47408,171.17
27507,179.73
17553,140.73
23515,95.89
26007,171.64
46860,155.94
29597,171.16
18047,160.62
44419,119.41
31563,86.42
34963,168.23
7056,176.81
7647,19.95
25771,220.3
43936,194.33
27720,194.81
28449,154.47
48431,185.85
24385,124.16
38940,139.22
36466,190.41
10928,92.4
42424,166.58
12895,187.57
41068,205.19
26107,210.9
45575,106.97
3291,153.17
34118,184.35
11428,169.82
15055,109.74
19475,38.24
3495,83.83
5265,165.34
12378,61.58
20367,160.22
45678,169.95
40830,133.66
6917,147.06
18028,160.34
37746,153.69
21329,204.6
20280,184.41
41886,30.66
16546,159.83
14068,161.46
20631,161.74
21240,137.7
27153,194.77
26635,126.53
10822,158.3
19016,159.11
14760,131.09
18120,160.45
42882,109.15
36208,149.99
49475,131.12
1825,169.58
46195,186.47
25435,160.3
40079,133.7
8910,150.8
20854,149.18
27451,168.16
31938,200.46
6947,156.67
9686,158.29
34335,96.85
46759,149.82
28475,145.96
18669,152.16
37157,147.66
3565,206.59
28541,142.55
18050,155.74
28080,144.83
28533,37.02
21421,169.17
323,158.33
47971,223.16
19346,122.53
14805,200.79
45992,154.76
45620,148.78
49166,226.62
28280,151.38
38832,198.39
29277,159.33
27489,112.75
43006,130.42
10497,225.89
42663,168.52
5529,112.58
35388,126.05
31209,141.38
40988,173.48
21333,151.71
3403,219.32
7781,175.63
27136,202.02
45930,156.13
25716,113.78
22230,184.18
483,191.06
28662,133.04
14182,161.83
39685,127.66
8791,148.08
38979,115.26
40402,156.24
2875,147.31
45436,184.81
22604,132.31
37028,114.67
44394,163.64
4216,213.86
33068,151.61
13592,144.88
44341,162.82
38870,156.55
46869,164.84
374,183.97
48582,151.71
39617,218.57
27089,142.04
32025,145.42
21635,213.68
4580,154.17
39393,124.81
17783,149.15
40303,158.41
19517,166.2
28310,157.83
12618,198.13
35499,147.69
35885,125.78
31745,189.7
48721,147.98
13912,164.57
7095,113.36
15401,211.69
42130,198.76
29298,174.86
33130,190.5
29117,190.88
7688,169.08
45115,157.59
63,113.54
25110,162.84
12025,139.2
37596,207.77
7893,195.54
20266,148.77
49707,142.11
47293,146.88
22682,177.37
29910,156.11
2386,131.74
25885,113.94
3185,188.01
21753,144.64
8359,208.15
4996,149.21
19991,176.26
37219,141.97
45048,155.93
13735,189.78
6112,160.55
5374,134.13
42275,165.76
12432,203.02
7919,221.14
35812,168.52
37631,170.38
12141,178.4
39635,163.29
9646,159.1
43842,199.11
36449,189.99
25314,203.04
46536,32.94
5305,153.37
38770,113.87
22446,215.93
10325,33.94
37747,129.12
41365,170.06
3181,160.1
29110,150.47
26630,167.51
17021,162.98
4615,161.95
30559,136.81
429,218.91
45145,111.71
36166,177.05
46192,167.64
43339,234.93
21862,165.97
24212,139.65
10366,134.92
39273,172.2
33413,177.14
20850,230.03
16843,129.33
9999,167.83
23187,90.11
7498,172.65
5460,200.5
4574,151.3
8172,117.17
33840,118.3
23589,134.49
41913,143.59
7295,163.91
25914,170.72
16358,110.52
36330,163.43
46763,115.98
13264,163.69
33511,197.31
44106,143.82
11193,161.45
27639,155.62
35306,203.3
17715,195.09
32664,202.34
13168,113.66
25291,200.12
27402,127.96
12458,205.18
2186,171.25
37088,154.91
21359,89.96
40554,168.03
25254,165.15
2495,153.62
11033,107.28
13612,163.16
26445,158.76
41258,127.91
11763,162.1
5236,169.16
5764,161.38
19733,228.86
39018,148.02
36079,173.26
44768,204.78
28281,211.21
46355,158.35
42759,184.88
48921,190.13
47079,179.84
18152,182.92
41441,135.99
18347,211.3
21523,141.89
39093,163.75
29609,174.28
19137,116.57
9385,214.8
21113,209.04
43031,196.18
16159,145.43
24593,123.76
27462,107.8
10167,122.09
34916,237.03
34138,33.27
31231,109.09
44958,153.4
3031,170.21
29207,139.69
31461,232.59
40777,193.87
43706,175.2
28615,114.7
30871,157.25
9069,190.04
22922,166.75
36212,150.54
30421,159.22
3228,167.5
44490,138.21
25420,194.57
32344,132.84
30373,175.49
18380,166.92
35716,162.94
43932,159.37
5708,145.52
49578,179.46
26773,164.47
37655,144.08
386,222.95
39191,195.69
3376,176.33
29725,183.03
18893,140.31
30062,158.42
3864,201.53
43116,136.98
7210,205.25
3367,126.97
14442,134.92
15971,160.54
45343,165.65
6076,130.35
32811,194.53
47849,95.47
38202,135.45
32662,194.19
2096,190.57
28781,220.36
42963,180.18
31466,210.14
3759,156.8
30137,201.27
13343,157.14
37834,171.93
16919,115.19
26793,187.1
28792,106.36
46386,185.29
47795,130.65
13675,180.36
19394,115.86
16766,169.49
11314,159.69
46457,232.87
22609,189.02
8921,219.32
1282,222.79
46450,153.03
33864,109.59
9065,164.3
39822,166.76
23078,182.86
24066,195.76
915,161.15
22126,189.95
23365,138.16
31432,172.4
26750,220.76
33780,153.29
41928,155.72
17472,224.49
19316,193.77
44429,100.69
32657,143.12
36918,215.8
899,177.02
23559,170.04
46238,126.41
40171,131.38
23308,199.88
17629,107.47
17519,159.69
972,161.87
35853,146.29
12131,256.55
11462,137.09
18695,167.4
44136,106.87
11049,165.23
18127,126.71
6527,168.51
35963,92.49
2133,168.71
32291,175.83
11225,130.14
49691,153.49
2373,165.67
19000,161.34
6485,180.38
18254,215.77
38924,108.03
8616,159.9
28323,175.87
36524,123.15
8579,180.43
42514,177.68
8021,135.37
47345,178.84
39101,182.07
38367,204.21
1013,156.16
2248,185.33
21318,155.99
44843,157.69
33284,148.61
37639,145.17
41587,184.71
49129,159.62
48363,171.06
44020,211.52
20496,130.86
5568,121.48
11833,144.08
38331,169.46
32212,113.8
25616,214.93
44932,178.06
232,149.94
38515,149.19
41664,213.09
5978,93.6
6649,220.61
40880,182.33
37519,140.92
17610,154.71
28060,253.87
12258,176.76
23746,167.47
21357,203.31
2894,185.35
24415,154.72
14230,93.93
23400,235.9
2639,174.33
47262,158.95
10152,151.61
45311,128.61
14418,155.33
39357,131.97
30251,128.98
28593,29.84
48389,87.83
21211,157.88
42733,133.14
10971,223.47
31538,148.78
26534,219.58
29312,139.87
36836,150.22
5932,137.89
3805,162.78
30203,161.62
33212,133.61
48170,177.85
2981,150.47
16786,230.32
25498,121.71
3738,187.57
31467,158.77
21681,223.12
47030,224.63
20993,212.79
23410,182.47
4378,152.3
24848,167.34
45656,169.42
42861,167.4
43942,148.0
3096,138.17
36268,151.74
14278,179.4
11592,179.55
44476,108.01
46566,189.09
43711,155.62
38692,185.03
27025,197.61
38845,205.97
30142,214.78
8395,251.83
4606,196.13
33052,115.98
35010,115.4
16696,209.2
24588,162.09
18984,128.24
5716,57.29
34076,172.37
41052,166.36
22740,180.06
32477,157.71
42199,153.84
23866,205.18
48816,177.38
42085,155.39
1877,98.88
7790,193.11
4306,142.79
626,126.07
39756,180.92
15001,161.07
15645,216.34
30603,176.6
29898,112.38
34420,165.62
41101,157.14
14033,217.22
19141,209.44
35631,150.26
48655,222.78
35023,199.87
46127,124.09
5611,166.01
39232,141.11
10645,617.73
49989,251.39
19372,152.1
35076,146.08
45172,113.37
4385,184.97
14459,139.12
16477,114.94
12762,119.51
24555,148.09
20454,163.86
481,157.15
37869,154.93
42002,128.33
42704,109.38
38466,218.01
12981,199.68
9734,164.17
26183,183.42
28681,158.18
15190,172.64
45947,155.69
36080,174.25
31256,148.41
47127,140.34
26493,135.14
47923,108.86
7328,156.59
274,152.0
29651,173.36
32907,141.08
15040,181.14
23849,158.94
32854,227.27
15109,146.64
16160,173.64
42475,156.58
2175,126.35
43099,116.62
26678,149.95
20125,168.82
46575,153.59
38342,153.95
31064,166.9
4352,141.64
15299,152.1
759,155.86
25813,210.03
23973,135.52
22141,153.0
7515,210.57
1819,211.81
13820,138.59
46526,193.72
42048,209.88
27012,164.45
47048,115.43
14364,168.28
13905,164.24
36896,155.61
38798,163.04
44982,169.88
32837,122.82
44959,173.44
29503,189.98
34119,204.43
25431,184.14
25377,262.51
48787,151.69
40185,167.81
17594,157.92
22679,135.82
15240,182.54
8405,150.45
11397,169.51
38655,138.37
20501,147.95
17067,168.88
48546,155.76
7802,114.72
44528,164.97
46622,156.67
12231,148.88
26507,93.89
40433,223.65
41027,157.68
5267,146.49
35760,244.92
43568,132.01
352,150.98
5012,233.11
6577,153.22
3223,154.72
1577,180.71
3662,178.64
15045,178.42
16235,213.08
40297,157.01
17547,171.29
22883,202.87
3540,224.99
11043,119.2
21164,158.62
10825,144.97
26492,150.92
13587,170.91
31850,88.59
18125,158.37
3605,203.9
44360,188.29
25609,184.78
35066,169.86
38939,156.84
13487,136.34
49621,123.72
14749,161.83
41952,110.6
37351,195.61
39609,161.22
35203,202.76
40379,139.82
46315,182.78
38374,161.17
26979,110.55
33253,166.07
41290,119.55
44004,259.06
35416,157.59
32841,159.44
6966,157.4
39301,170.16
30104,174.81
6789,179.83
29667,163.53
35221,134.94
18594,158.24
35449,174.27
6996,146.38
9166,139.13
9190,105.49
36616,186.03
43159,144.56
16781,163.89
13672,142.4
49474,149.15
17420,157.28
5035,207.29
2903,215.45
11477,217.59
2435,194.38
36501,307.36
1854,136.8
19474,137.41
30046,218.47
37818,180.97
3830,113.8
27075,170.12
21052,163.72
34500,137.3
559,195.65
26896,139.8
39390,129.94
11839,175.76
46260,159.36
23813,214.3
29540,160.75
9667,186.27
21112,196.27
12815,219.34
40446,181.94
8436,153.42
9986,184.2
12487,111.62
43562,108.38
104,175.32
48962,137.19
36814,236.59
26138,125.87
33089,149.63
16342,272.92
40021,156.66
39722,179.95
14598,134.9
1481,164.21
16691,173.71
19636,139.35
3793,169.86
4981,135.86
19667,196.56
24641,175.1
7504,113.57
12576,219.39
7123,137.32
38790,226.82
1867,141.85
13204,140.87
24082,160.83
33385,160.09
849,134.02
14050,127.33
47308,158.5
45634,173.58
8659,218.48
7516,186.15
703,234.03
31987,226.52
28488,252.78
47472,163.21
42185,186.76
25605,131.25
35675,129.62
4670,152.02
28049,169.06
35033,136.89
18240,184.74
26404,207.52
11209,120.82
31334,154.24
43186,225.79
48347,164.46
777,133.52
20772,271.67
33265,168.82
19215,172.19
11798,174.89
8666,159.0
15014,178.26
14225,170.05
12869,168.02
15046,143.43
7837,156.59
16090,193.1
48553,181.31
6101,232.52
2056,154.28
746,157.74
13237,150.36
13198,143.99
49958,115.6
20629,180.44
2852,195.71
39858,134.69
20165,168.59
19151,142.36
46520,176.2
10747,52.5
28151,167.79
3037,135.89
7461,200.77
24114,159.57
22643,165.74
1683,170.7
4878,173.49
13724,91.17
10902,142.85
49636,138.64
21740,164.35
5429,186.52
15889,155.08
29365,136.69
36450,96.06
41758,163.02
7983,239.64
8181,184.96
23317,158.18
25892,128.67
20490,158.59
9607,147.56
31688,158.28
20974,153.4
14961,103.44
4832,151.34
15881,191.96
14262,144.77
34198,174.6
1001,26.21
13115,158.4
18873,153.23
30971,147.63
3987,172.26
12790,149.35
35643,144.62
13696,176.8
13476,42.9
11750,104.01
10593,135.2
36536,171.92
19272,166.18
40740,155.42
45397,163.11
11873,165.33
7479,124.88
21082,177.73
13294,151.75
24024,132.18
23126,148.45
11661,163.49
38199,175.15
6751,165.66
48819,152.56
7917,134.54
16605,71.28
5368,189.79
3445,196.78
8570,169.4
8930,204.74
21908,145.08
3932,47.81
5349,159.63
28245,159.51
32605,118.7
11536,207.67
17122,159.73
46474,107.74
22349,108.48
26261,186.27
16136,169.2
10501,160.03
18234,210.64
13296,139.5
28715,167.57
27661,167.74
13269,171.29
47920,155.49
34429,129.82
3266,154.57
45851,156.3
15005,166.3
22397,85.54
34430,152.39
24213,92.67
44043,164.46
6523,140.88
28633,22.82
47704,170.82
20212,187.76
31723,231.68
4895,121.92
15192,140.56
18210,158.03
39809,174.79
30546,198.65
7668,170.87
28074,190.23
34015,134.33
31119,132.41
461,184.92
28187,172.16
25681,110.02
11681,225.32
12948,210.09
14238,98.4
7687,145.31
46605,212.76
23443,194.69
9932,161.65
32939,154.06
28217,163.77
8455,211.72
5842,138.2
13376,147.06
37380,169.9
2136,134.25
7818,217.66
1378,135.18
10176,154.24
4690,131.16
28427,125.07
46128,35.6
20185,127.23
49386,235.69
40578,171.68
11814,119.12
27521,110.98
42505,164.19
24354,42.51
22295,158.81
47725,140.85
31462,168.96
31870,131.35
39164,180.39
47877,175.92
4257,124.71
5188,170.77
29761,180.85
4741,141.03
47836,184.36
6014,174.97
16056,163.29
3701,169.42
217,138.89
40469,178.93
23895,185.48
30501,226.2
27238,144.02
13884,179.91
21548,166.79
22511,142.3
11036,171.57
20692,197.62
35721,125.09
14505,121.0
7894,114.82
27680,209.86
5909,120.8
4505,158.54
9087,168.28
2329,172.91
44442,192.12
32784,162.76
47360,191.45
46675,187.38
15855,156.15
49480,232.84
42205,166.63
12958,185.59
35130,101.46
15147,158.19
31308,213.75
7415,118.87
6309,120.02
27368,38.6
9847,147.27
13371,123.0
45334,155.28
33177,158.83
32130,94.22
17213,114.28
24295,124.97
13745,161.04
2437,135.42
22106,87.27
47786,106.71
34895,121.86
20411,183.73
32237,394.82
30913,163.06
48464,167.95
32885,163.81
42110,196.52
39510,131.14
41122,86.98
29711,172.89
33117,195.27
9350,216.86
20841,143.47
40354,205.26
17240,152.03
48606,169.21
16177,156.33
12832,253.25
38589,197.8
48801,46.34
45872,37.7
48922,143.21
7201,155.23
36990,206.51
45963,153.91
891,145.02
48015,36.57
7891,197.74
20400,120.32
16228,122.83
5688,183.22
31163,125.41
43029,158.35
48149,156.43
45402,172.12
41757,173.16
8529,155.92
40909,167.26
652,130.53
13907,195.22
23232,148.39
23344,172.72
27498,154.62
5011,163.71
18149,222.93
36688,171.65
28577,185.69
34714,214.71
33392,182.71
49768,183.32
46160,125.0
35268,144.85
2555,203.99
3715,200.11
16564,161.46
24881,187.99
21280,160.7
38942,167.18
12388,162.47
33417,180.22
11809,212.97
25954,162.98
19322,88.62
43437,163.07
26429,27.01
34883,175.56
10010,137.48
27091,125.88
9126,136.74
37456,164.09
48233,119.53
29214,184.29
8518,151.84
17714,152.22
22947,39.12
37539,163.26
8275,146.47
34449,148.38
48377,113.74
49914,152.68
30339,63.59
29619,158.61
4827,206.92
32086,170.51
10172,141.02
10784,58.24
17691,118.7
45905,177.39
39304,201.61
33544,134.6
21675,173.15
15220,228.05
7512,113.19
19435,198.76
22923,161.78
38110,166.44
46999,204.59
40521,150.46
36347,128.82
2515,149.72
19719,146.09
42954,228.11
17142,152.24
35992,99.12
7678,225.25
8443,112.5
48274,185.12
43494,151.6
48640,176.61
43503,197.96
13792,150.83
8618,153.47
4249,188.72
21721,162.72
26309,211.29
2516,209.24
2727,171.31
49877,168.73
22551,162.15
25562,142.81
46564,149.08
6586,115.8
40733,174.28
24852,156.5
29429,114.65
31804,163.04
43731,158.14
25705,193.91
30343,155.68
21074,166.83
16813,128.91
46205,103.59
32292,146.5
35506,103.76
29984,170.77
35084,127.14
14286,158.39
31624,122.36
37327,174.52
6794,205.01
2901,133.1
9744,225.66
15838,164.06
42212,162.59
4705,181.91
27326,204.28
29520,227.27
12525,234.9
937,151.61
38818,145.96
40299,146.8
30143,153.33
32194,221.6
40975,175.38
5749,39.99
21049,185.92
21974,236.99
14555,112.32
20563,158.14
48809,176.45
27160,161.08
31828,153.7
12623,209.79
5922,160.51
1721,168.17
582,188.6
24466,170.34
6144,141.91
47121,194.18
12663,162.62
6362,159.21
42202,181.46
34562,164.58
29124,154.66
20306,139.33
34089,261.6
10255,205.36
46736,158.26
28682,179.42
46607,147.59
7500,157.87
24976,183.29
16001,145.34
40863,110.25
23014,178.39
771,166.02
4092,203.15
47649,187.63
30054,133.52
48859,138.42
19581,132.43
30108,158.9
42971,166.8
43110,162.76
35981,117.61
16314,193.31
38043,21.92
45023,199.81
14357,98.9
298,129.99
33785,144.56
34174,222.61
23495,143.21
43720,167.54
40397,155.08
21601,141.66
12396,152.55
34846,195.0
13996,120.74
45700,170.45
1279,138.41
42636,203.06
4725,167.16
32826,193.08
26813,171.52
20223,164.26
42965,176.96
27614,158.7
19362,154.64
18371,122.74
46232,160.27
45630,240.61
37761,193.65
43167,188.02
28122,173.49
3309,83.81
17682,144.36
29103,200.78
12105,182.65
17487,134.24
38604,207.18
38486,224.82
34692,163.33
14062,145.45
31027,187.03
9926,161.75
3402,215.53
43024,179.45
15297,108.61
18675,171.49
47624,122.85
23615,180.34
26363,144.37
37637,98.28
30888,214.87
46316,60.65
9382,156.48
22703,110.72
43633,178.86
27562,241.73
33625,123.14
47597,154.02
21936,167.61
18170,133.06
29420,187.31
36617,192.04
10594,175.71
37424,178.41
16675,225.55
21394,168.56
44423,141.68
6294,188.77
37182,186.35
18588,130.69
3426,175.28
3231,147.04
41879,154.74
14464,175.5
15354,135.89
42731,151.53
17787,216.58
46331,137.45
16393,160.97
16853,145.49
34835,151.03
32530,143.34
43524,121.62
41558,213.92
16582,141.86
17556,169.08
30230,157.6
4131,191.28
38307,163.14
26809,177.77
37062,155.08
17363,276.46
48398,228.33
1078,197.63
47207,137.31
41034,153.45
5502,135.98
4414,122.95
23803,173.32
34529,132.06
21245,178.18
3001,164.56
39704,147.02
47445,184.29
4760,110.31
49277,178.23
44283,152.17
16540,193.98
43801,133.85
25152,147.26
8323,203.39
38151,158.8
47905,168.13
14947,232.98
48621,154.82
43423,163.48
9469,177.24
5309,162.59
24989,212.19
34483,150.22
31681,123.14
4476,189.68
23091,171.78
12262,145.22
2418,174.13
10215,120.15
42120,164.3
6986,136.71
4121,210.8
34897,144.68
26496,161.09
49745,207.63
5795,201.9
32818,211.04
38895,166.38
24906,145.78
10164,157.43
2830,177.73
46557,162.68
37520,172.79
13827,45.91
30761,165.02
32272,168.68
23116,119.23
22684,91.29
28908,206.07
442,244.74
35277,133.07
38709,140.08
34544,39.78
15365,126.51
33649,154.47
196,169.27
2706,141.16
16461,107.82
42390,106.98
32668,165.73
31903,168.02
24320,121.85
27516,143.37
39163,225.48
16915,121.05
40618,185.5
44156,102.05
32385,141.32
29602,202.78
34542,164.29
6654,166.71
46469,215.0
1471,165.52
10908,108.68
41442,145.96
43322,128.85
6393,112.01
28954,196.09
16657,155.14
17923,177.92
19589,212.68
32632,143.18
22898,194.56
6341,166.05
23906,180.92
38423,193.83
18917,146.84
25896,172.83
12956,229.64
29066,159.66
45252,195.22
35183,124.13
31471,146.26
1158,150.13
18108,197.29
28859,107.77
16052,39.59
17288,107.7
29983,141.01
579,140.89
5693,197.94
25473,133.67
40200,205.94
8961,199.14
3859,195.08
32562,163.07
38793,172.55
8446,194.48
7773,225.27
10870,208.5
46361,160.95
48807,157.65
29175,212.52
41829,166.82
29274,182.02
16740,170.84
43133,165.8
26969,159.99
21536,238.09
30282,154.23
29014,129.93
43841,168.95
48723,154.87
32478,180.13
15042,197.49
2741,194.11
48418,185.56
6129,160.92
11576,153.18
26971,162.91
48529,371.01
25632,143.02
4035,176.63
16730,192.62
26042,205.83
42859,158.47
41755,39.37
29996,206.63
19793,171.56
40179,165.66
20211,183.87
13965,161.0
27920,156.48
18138,131.24
30114,113.48
37768,206.89
49317,247.05
24250,159.72
17354,142.53
2082,44.12
41682,204.29
43417,158.93
30366,186.11
41712,24.91
40156,161.01
42811,175.16
30365,166.32
42193,209.1
6851,103.68
12066,146.55
11221,225.43
15945,158.8
524,122.27
38824,117.46
40946,130.35
35690,212.34
30838,187.37
11988,102.38
38203,173.56
38004,208.79
18481,162.26
44014,167.16
30037,134.52
46036,162.44
36925,168.72
29625,133.65
30694,201.49
36551,140.59
24994,176.78
47110,229.25
23987,142.02
3069,150.55
40643,166.69
40699,167.12
23264,120.67
44117,147.66
33422,135.65
38748,162.44
27450,155.23
5397,137.21
19169,169.86
3760,47.99
15704,156.84
18830,22.32
43812,138.6
19225,150.1
25163,128.47
29248,126.73
5492,184.99
49788,188.34
30974,143.31
48782,173.07
17197,203.96
36609,169.26
47879,104.22
25285,136.97
23075,219.54
42738,163.65
10743,166.31
30602,217.93
38276,195.5
32739,182.93
44094,196.68
41105,141.85
1183,132.19
34648,185.57
12241,214.85
21565,170.37
48812,144.07
38783,157.69
41809,130.38
17096,169.85
30583,193.44
16750,165.26
27753,108.73
16777,143.92
5712,115.46
36441,146.36
48138,183.11
6202,208.76
31966,169.81
42773,227.65
3462,181.53
22961,137.22
33521,215.16
32339,170.21
41591,154.59
35239,228.77
2528,157.23
18882,193.43
1485,133.52
29709,200.11
3271,252.41
3611,186.3
11847,128.14
24067,215.89
8761,160.5
35553,183.06
10370,166.29
2465,152.1
48583,140.82
28500,155.69
22040,124.72
42172,182.71
35907,160.26
9390,177.15
28176,168.58
46340,158.09
11164,128.61
48267,204.56
46901,152.69
10759,153.0
45755,133.74
37079,186.11
23503,155.52
38333,134.64
38058,176.26
42244,151.01
28618,110.96
37795,216.37
5565,193.3
5908,151.13
31305,135.77
23182,123.05
37740,226.55
41691,200.02
23373,90.74
33790,153.32
7443,146.63
7475,224.22
24964,143.63
41066,180.95
49172,236.92
35528,151.57
20377,186.83
46011,220.48
41548,138.71
26459,150.78
20874,182.18
20484,141.71
23499,122.47
641,157.04
44856,158.51
14762,110.15
10446,212.69
44158,44.44
2876,171.76
47178,134.09
31532,141.83
25679,223.48
9849,175.18
10599,169.47
4525,194.1
46201,187.09
48140,168.73
6516,171.46
25695,175.66
1509,144.35
42358,163.21
12286,116.88
11016,212.54
46616,197.09
27601,218.26
40772,147.75
46865,187.74
29802,142.53
18876,148.97
12794,177.43
5740,258.52
737,162.06
3608,163.54
25430,244.46
30966,170.82
19707,151.75
19971,219.81
17458,162.97
24793,101.3
46484,118.42
49632,147.87
25084,130.22
2625,146.73
6955,223.8
28740,153.02
27657,182.64
20368,176.38
23478,121.7
27624,150.12
19340,179.45
21493,108.63
37083,204.44
37058,183.85
11547,176.41
13096,138.96
42858,203.92
29729,175.14
9988,111.09
8478,177.82
30170,144.43
18973,166.15
39471,146.95
10735,115.36
2212,137.67
38742,139.71
25388,175.95
27452,35.82
31211,173.89
32078,138.09
18305,226.14
36451,216.4
13671,112.73
8194,190.04
3289,34.08
47083,164.77
31430,187.25
48364,172.7
31993,119.49
36437,160.41
21629,149.51
38021,171.65
26165,140.79
12533,213.18
408,222.27
48608,160.26
26367,143.57
10744,146.26
33090,189.33
10158,169.98
17165,164.39
43184,232.29
2916,138.08
27176,134.19
17898,229.6
22473,170.47
5229,187.39
44791,158.95
344,130.46
49311,155.16
48980,179.56
14585,157.72
20217,134.45
23414,108.26
37274,179.57
47947,155.5
42106,179.64
7238,165.86
31867,165.04
39266,205.37
45052,172.84
47975,166.35
27394,163.79
22777,146.51
17378,203.33
26295,154.99
7252,172.48
25225,186.11
26541,137.06
7432,205.49
1049,215.9
44160,175.21
9119,181.48
32805,222.98
45950,178.24
34108,223.54
19722,175.63
38371,144.54
42960,129.69
12557,185.48
36317,170.22
27205,24.47
39090,170.51
8192,120.04
14280,184.9
38464,180.52
7673,172.87
26392,186.57
39901,186.82
36779,37.04
43653,168.51
17760,200.75
48384,151.4
863,210.57
19262,225.87
45076,156.03
19558,158.58
23429,169.93
19273,198.14
40677,115.78
5569,191.96
19285,99.92
17875,113.37
3162,196.4
24546,184.61
49218,129.2
31792,185.22
1132,160.83
24565,240.12
31149,143.89
31492,116.98
37517,154.42
43064,164.11
9402,137.96
35420,154.11
7341,148.42
24870,131.61
48944,224.32
27525,111.57
28196,155.18
15952,176.62
25031,143.36
23401,146.35
22731,90.67
29416,209.56
39274,114.41
49189,178.42
34884,130.0
18968,166.27
47711,171.23
31661,155.39
26754,127.13
36418,145.65
40653,106.86
2743,178.71
3050,182.12
50,154.02
39860,205.22
8746,149.07
4746,193.56
9195,186.35
7614,163.86
46148,147.31
20016,173.12
44979,133.64
15171,148.93
17973,220.43
22513,122.79
24394,151.29
28355,164.8
7004,176.79
35264,174.22
39996,151.37
174,165.18
19902,129.41
46794,142.45
13014,224.81
34514,214.39
15801,202.67
45751,187.88
420,162.31
16296,90.44
29308,151.07
22178,196.05
16752,110.59
18699,164.17
39388,202.63
32977,140.43
5837,148.84
39625,188.56
30505,178.31
40916,160.54
40654,162.3
24106,130.47
30535,181.7
28397,148.37
3244,37.36
801,182.45
34941,152.54
40232,197.88
10414,182.17
17972,210.88
44277,165.13
42494,166.77
23554,146.05
32692,139.01
43114,119.48
10946,171.14
19823,154.54
44730,170.13
38934,236.81
17228,167.32
26566,174.19
7561,145.26
41020,192.87
3664,96.3
28957,160.01
40155,175.03
41553,174.07
6366,108.23
3708,216.29
35386,167.94
27613,197.12
14218,173.38
72,174.89
4281,192.49
3556,212.43
8469,223.19
44321,123.29
21921,264.59
9599,144.24
33699,155.29
11015,149.01
28714,108.36
46974,117.08
29679,180.22
45564,153.93
31179,148.7
21610,107.29
25409,198.7
43345,197.29
49197,347.06
26734,105.33
48429,145.11
18687,152.08
16650,170.24
24776,166.81
24570,185.98
42826,173.07
25404,122.76
24603,174.17
49698,162.69
13848,166.4
49247,161.22
42943,169.74
39968,210.05
28981,158.14
2800,140.0
30335,122.11
5276,177.62
10821,148.38
31366,163.78
24809,213.84
44597,113.1
21155,268.3
45055,163.76
21132,156.28
11602,160.88
3789,230.78
22893,189.03
33902,151.99
13619,167.69
26684,144.05
46297,107.47
18497,152.81
48626,123.84
36288,20.82
45452,159.44
29834,150.3
1669,163.37
8248,158.48
23293,224.78
15799,149.33
31329,197.94
21044,41.17
29168,224.75
48246,191.78
34523,155.66
32504,179.35
33000,128.96
49896,219.98
26877,151.28
14500,199.65
36252,132.65
29575,206.44
39974,199.26
22953,193.98
44579,105.59
3487,154.38
48173,103.1
48697,149.34
20706,139.08
355,136.54
7853,109.12
40566,132.0
10065,229.52
30769,170.28
46183,140.59
30622,161.98
25407,169.6
17105,135.44
10477,178.12
38295,196.91
40255,172.94
7380,112.31
19497,213.37
39589,149.01
48063,189.49
48296,136.34
22265,246.69
37822,144.5
44339,202.76
2653,170.48
36787,150.39
32691,157.12
39700,152.85
49032,141.91
14170,188.06
9401,176.79
38878,171.71
22780,95.88
29904,167.34
21297,134.11
28774,221.01
5046,111.71
25599,199.41
15159,184.66
42213,117.22
27620,214.46
38003,135.16
22655,96.26
24318,178.9
38926,162.36
11730,163.36
36600,133.25
37316,171.17
40984,122.47
26823,192.78
44655,230.81
28581,173.2
34977,131.01
22652,279.35
41113,152.43
19152,163.28
41978,139.29
2001,175.36
18220,240.9
36113,173.36
46235,154.21
29245,146.22
25674,156.06
41397,155.0
14403,193.39
45850,188.01
21378,156.13
21539,154.4
9037,219.42
44532,130.47
15076,166.44
26331,246.86
9987,200.21
49732,47.86
19500,213.55
41633,152.81
38806,174.96
34614,146.45
42776,94.31
6269,167.03
34192,176.45
15208,155.03
46264,200.67
38382,152.82
6568,170.02
12995,180.08
35407,171.72
45302,205.73
27250,105.25
49645,159.69
37084,147.52
14129,89.68
22017,163.01
5090,128.36
26769,111.65
7616,199.0
32448,152.52
43833,108.49
15287,183.84
40805,131.8
24785,157.98
26358,105.62
13291,133.82
15135,193.55
11828,136.61
14404,192.99
33493,191.78
9255,146.61
37766,160.07
1488,171.9
22899,166.3
23328,176.77
21420,131.42
29046,129.32
4337,165.05
26315,141.76
15453,139.67
22533,145.48
15158,142.24
17991,146.97
48345,170.65
35317,172.69
29157,146.55
12363,163.77
10260,133.05
33012,40.92
13701,142.87
45948,137.95
37453,153.57
1704,159.24
11328,161.42
16732,43.58
3995,163.48
25486,150.93
5266,156.24
7744,153.41
3913,127.27
38491,124.21
7985,153.46
15530,134.49
931,219.65
39239,119.51
13890,155.09
37008,123.98
30386,166.1
45238,123.6
862,133.45
40816,106.13
13001,166.43
32421,163.59
1595,242.05
10240,147.7
32879,134.53
19488,136.77
21843,137.3
41172,217.56
5976,138.82
29289,150.72
46381,179.62
24462,178.82
36302,145.33
11276,161.13
44649,159.13
25643,115.37
26324,156.28
42087,134.1
25883,143.58
11598,140.41
14578,164.63
49205,161.12
26365,129.28
18502,199.03
45268,155.21
14496,164.61
29569,233.71
43608,162.17
23703,154.11
19393,158.07
38552,97.11
10815,158.06
32142,149.92
8870,179.68
226,161.24
17396,41.22
34082,111.65
42031,131.13
19889,125.98
19396,180.32
20635,280.57
37422,147.74
2762,199.99
33480,206.47
10927,220.84
46031,141.74
4539,185.94
41715,170.08
19513,112.72
39212,148.17
29267,214.96
45846,158.35
39439,126.79
44432,136.23
22523,180.9
21657,103.7
49585,156.13
14460,176.52
14410,166.48
33228,209.23
7213,132.03
14581,165.06
14837,113.29
40779,189.18
23970,223.21
16275,181.57
37446,106.92
29639,168.8
1398,138.52
46411,203.51
45750,160.75
15953,148.12
19821,218.71
38360,175.11
17310,108.51
16600,133.72
46342,161.06
1247,179.23
16031,163.57
26645,184.62
45567,180.79
27675,181.3
20959,114.16
43025,197.3
33714,187.92
6940,140.92
45127,131.23
13925,201.78
3242,142.65
11151,113.15
48320,117.02
19672,183.5
1414,178.66
28283,113.83
41013,126.2
34241,145.54
29576,163.95
41271,132.67
8258,174.72
26853,120.25
8881,192.47
22079,200.95
47731,170.97
19350,143.16
32182,178.54
16955,167.46
39247,117.86
1622,153.99
47757,149.54
45676,171.27
2405,155.07
30797,171.93
37587,156.57
23318,173.28
12831,152.32
33558,136.67
29558,134.35
43987,115.68
27894,162.85
5295,144.38
24914,187.11
34660,187.32
1785,153.29
39886,215.27
17567,137.99
16063,135.23
48446,235.66
20383,157.8
40878,173.68
18058,194.31
19067,113.22
20526,142.37
5848,153.14
18623,201.76
45474,117.57
31761,167.75
5212,188.23
25731,155.0
6374,234.12
30198,141.68
23946,139.91
36935,171.22
34848,110.94
15293,175.55
1852,145.98
18433,211.54
28971,167.51
17040,172.66
6688,165.66
40939,22.13
42182,167.57
25253,199.56
18842,86.36
15807,149.78
4182,120.06
13863,157.87
20190,91.71
8785,141.29
3706,130.54
24446,120.65
37772,174.45
5159,40.57
29837,140.91
6130,161.34
11030,205.09
47339,166.43
36030,155.6
33447,142.54
4117,169.17
11757,155.13
27124,88.69
5370,152.43
15979,131.19
9135,185.66
11062,142.74
4551,139.77
35859,110.82
46857,125.29
43901,123.42
17578,155.59
2747,135.37
21851,145.61
25748,177.94
6073,118.53
23921,142.49
12934,151.06
36181,171.11
34381,40.44
28997,169.49
38261,168.92
513,216.89
16135,100.77
35634,132.24
8089,140.17
36093,254.4
31392,171.76
33043,99.33
34309,234.54
12628,209.16
1977,123.97
7338,168.34
42453,142.19
22972,154.5
37308,38.75
44972,152.69
5217,125.74
23623,185.24
41400,163.68
20311,135.83
658,162.9
35038,192.6
44828,166.77
15944,233.26
42014,144.09
28058,202.51
21872,159.35
7028,78.55
49786,174.88
30813,115.43
35602,181.98
21547,198.52
14795,138.35
45054,180.76
3900,215.31
29369,150.75
15626,206.77
46649,101.52
10285,113.19
25874,172.89
18720,167.53
14949,88.41
38344,151.39
31304,132.81
6543,208.65
42691,231.53
5877,163.06
49325,143.87
15603,122.4
23358,113.82
46343,167.32
19128,153.59
34792,142.24
36360,198.05
18144,201.82
317,138.15
730,188.04
45883,227.45
6216,115.26
17299,164.73
1842,172.01
2387,182.13
21346,109.11
22115,112.16
43746,160.18
5467,57.74
38366,36.48
46720,229.37
5541,213.82
23563,109.07
23013,193.22
32742,144.08
14164,151.56
9063,158.63
28698,140.53
18491,138.63
14826,164.17
49828,118.34
15680,224.07
7933,218.73
38881,141.25
3003,146.24
31444,190.91
6263,159.91
3954,151.47
45135,156.88
33479,173.32
18554,156.03
24224,149.73
32042,174.47
26219,147.83
14633,152.83
17091,161.58
34427,174.99
9377,187.0
17781,191.78
10437,54.47
7569,124.43
23550,177.41
1459,154.51
42297,176.24
34366,126.42
29309,152.93
4846,122.57
41961,160.66
38153,194.76
24381,150.43
38922,185.73
26539,121.8
5937,193.92
7674,140.4
40437,115.57
35495,144.64
39592,135.16
14175,182.09
40382,143.6
23138,175.5
29629,148.67
32309,178.26
30872,177.86
28093,114.62
32485,177.83
32813,194.59
25155,198.12
10154,107.96
25867,158.32
15444,158.0
14193,209.77
13718,145.17
17349,223.62
6421,150.89
38691,153.52
47431,155.5
34115,115.42
817,135.59
13864,110.25
49437,109.53
10588,147.57
49498,111.32
26518,188.22
5246,150.67
38332,147.2
48333,164.8
14927,167.62
49066,152.12
37865,125.13
23347,246.98
27037,116.45
40419,172.38
28962,169.62
23035,171.26
17325,122.51
44928,225.51
18247,169.51
21404,181.81
47288,121.48
14711,167.66
6368,113.13
48396,137.6
42364,166.62
40889,149.2
31707,244.64
3379,151.25
39488,138.27
13703,173.33
16884,127.22
9657,116.38
40355,175.84
31379,149.42
28459,200.42
28447,176.69
26890,163.8
20716,160.17
40605,155.93
45282,193.82
32112,150.81
34349,167.86
15205,107.33
6893,170.82
22135,155.02
44142,137.65
3029,135.89
16298,114.85
32722,233.82
25135,80.4
9056,148.03
34886,153.82
16229,134.73
11282,150.9
25574,145.13
36502,134.42
48211,159.38
43418,128.75
46465,150.66
16704,150.99
32459,41.91
6162,157.08
42992,115.91
19307,152.92
48552,203.83
40378,154.23
39954,180.3
4989,151.77
19076,137.99
20183,208.71
38820,129.5
19433,161.04
36919,133.84
19483,127.45
39059,194.39
39447,173.51
22157,157.65
37812,165.79
12291,213.68
36129,175.91
2297,169.24
3832,204.56
33223,209.49
11495,212.0
20791,175.21
44316,187.3
38885,186.88
3435,164.99
38208,206.15
3078,155.56
1108,169.87
16656,185.27
45227,178.65
25831,185.0
21504,186.61
46861,225.84
2147,180.18
36815,206.09
25284,149.55
27041,167.2
46779,64.68
45190,174.94
18146,109.89
27708,130.8
46652,189.29
7763,131.13
29633,179.21
8146,170.59
40440,205.37
13040,179.63
34038,152.83
36291,156.44
27908,122.58
24657,106.58
16994,129.99
5346,152.0
5166,155.14
34826,160.76
1676,164.67
31690,119.72
4147,190.83
31936,192.71
18394,151.64
4708,87.38
2586,237.58
28118,203.58
42180,209.12
31619,183.95
35764,168.27
22582,170.57
13836,174.8
12045,185.92
30768,226.48
7129,157.56
22784,167.57
23251,166.86
23886,141.31
40094,143.18
31012,176.53
12083,163.32
7787,160.19
5730,146.72
13964,205.74
49262,171.78
5122,173.64
10340,196.04
2821,162.45
32608,183.02
1035,175.79
234,158.87
20697,183.75
45287,141.07
29065,128.24
16382,140.89
36642,155.2
11934,203.65
49558,136.54
1320,171.62
19422,158.74
14195,255.59
27212,109.02
23944,151.43
30571,140.09
24192,180.87
42796,146.51
23408,204.13
757,131.38
27670,175.08
5554,143.9
33457,165.48
41064,170.39
18338,196.81
5043,145.77
20136,153.13
6492,139.54
18130,167.14
30129,168.25
38904,210.67
14130,42.35
28148,106.21
6690,168.49
9694,162.03
39653,140.5
812,153.19
28625,179.71
27746,200.71
23714,146.33
13505,160.94
13798,108.12
33257,146.22
9721,125.75
44137,217.64
8318,162.56
36326,146.14
48422,190.3
39928,108.15
2631,178.19
18015,171.28
24532,157.17
8678,139.19
1619,149.99
21724,125.37
20565,124.66
16172,169.51
8490,141.92
16339,151.78
5456,139.65
35814,36.83
48472,160.63
22751,138.81
7832,151.03
16695,159.18
23468,142.82
5628,158.92
4223,38.66
35610,206.48
21131,130.3
18857,219.55
42679,171.68
10640,182.13
10614,127.51
45810,234.28
18479,167.85
5763,156.94
26690,139.03
44533,195.32
45318,139.78
44237,173.0
17597,172.53
45088,109.33
40911,203.55
22039,161.47
23255,183.96
45134,192.85
27772,163.83
10277,130.19
10242,143.38
211,259.36
28977,192.94
39436,163.51
43448,157.12
43062,163.14
36051,151.65
13688,149.17
26072,143.55
3023,166.91
4111,54.33
19012,121.13
15839,131.25
46040,200.89
6757,156.11
18807,138.28
32677,202.9
42727,161.52
11066,201.57
17180,210.15
27738,163.31
24457,182.79
36005,157.92
36083,222.03
41991,172.16
14412,123.24
8531,151.11
33307,101.43
23784,134.4
14338,159.28
22955,175.24
36824,118.71
11451,152.54
7259,170.28
42765,133.01
49142,159.23
18604,149.87
3032,220.5
46318,173.79
7230,151.84
117,187.8
9247,151.12
19476,188.54
18810,211.99
24557,205.31
3796,164.49
46266,179.2
47403,192.41
12415,130.57
5880,207.19
13397,176.41
30393,143.38
38492,198.0
6803,193.42
25305,187.32
34698,225.19
8587,177.08
45079,185.27
48408,168.53
5626,139.4
10343,126.34
15696,155.91
17259,132.07
34825,165.63
39720,188.48
47285,124.42
35250,243.04
5921,212.17
14626,178.0
16114,162.09
7267,155.37
36755,126.15
14983,178.17
76,162.91
35251,154.45
26831,115.08
44840,194.57
1125,165.78
25982,181.63
42315,166.41
16455,150.12
45756,157.44
6428,156.61
27935,142.34
30844,172.19
30082,182.36
15007,101.46
34083,172.55
40403,202.66
47395,130.5
28704,199.87
35849,174.86
47721,164.82
29396,139.85
14580,176.42
17901,89.23
195,129.07
48183,212.01
30800,175.58
19220,157.16
46099,156.35
2814,148.86
20371,218.92
6538,141.2
2665,173.78
22857,148.97
11618,163.2
2953,131.23
45702,122.63
12059,172.88
29339,176.94
45491,249.32
26379,154.09
27862,229.61
10534,180.12
15459,213.17
49677,702.8
45505,172.68
43502,196.16
34624,178.37
5505,168.76
16257,129.26
9238,122.32
45503,158.31
7951,154.58
13684,188.32
15633,174.44
26307,147.09
22072,146.83
36753,202.32
48321,121.3
29279,135.44
1632,167.65
6109,154.71
24340,190.4
15815,175.84
24384,148.53
26608,144.46
840,227.9
11476,142.27
20627,123.26
8280,116.72
30634,167.16
49341,234.53
42845,135.65
31545,132.13
29501,140.72
47763,289.39
8876,111.08
43098,165.56
30915,165.77
5686,156.39
5734,158.89
30293,89.2
11301,152.4
5599,37.76
2518,206.83
25780,128.27
19826,172.96
35670,133.25
47049,198.58
18332,135.65
1847,213.03
18503,139.52
20218,219.12
40293,233.27
34984,172.13
27971,136.43
28360,179.38
17902,172.1
27088,189.65
12441,189.2
12595,149.73
3198,131.2
2866,132.88
23312,117.12
19742,251.54
9453,186.91
34237,99.58
1737,127.33
45116,135.13
28335,153.65
11758,133.89
34581,152.98
7030,177.63
23579,179.68
10860,181.59
38469,173.24
16373,117.95
14055,123.77
38565,143.93
34914,133.65
49085,176.24
1931,162.6
46499,198.85
1127,137.04
14234,159.36
44701,109.51
30322,161.83
42698,180.61
7480,189.83
29037,159.75
12590,186.16
44511,156.74
13589,139.76
17307,163.52
2889,216.93
46394,193.13
22035,121.55
20138,102.58
36455,142.11
8878,198.03
30443,193.72
29916,186.93
48716,165.12
36948,167.51
8669,122.68
31395,147.93
41420,160.65
10241,152.53
7597,158.72
43331,171.95
8871,178.64
7801,113.83
21000,142.62
13036,177.25
19850,178.31
5201,706.17
38427,162.88
45464,163.84
33670,149.7
40489,168.75
13161,134.94
5663,166.11
44311,37.22
34268,153.39
7956,125.29
12969,134.4
49697,126.6
42656,200.99
30692,93.82
62,123.8
33595,40.63
12910,129.76
27718,26.4
10828,210.17
26232,174.66
7780,173.42
40066,146.65
10203,163.38
1809,134.93
37578,160.79
42764,195.99
22282,219.2
31943,133.31
41615,156.57
10425,33.16
13615,233.84
27270,167.24
8421,166.81
33891,130.13
32672,170.81
10633,155.02
30903,149.89
3490,170.71
45941,172.91
13959,144.05
12204,121.85
28965,119.43
25287,255.63
9187,220.05
17151,136.02
43190,177.14
15651,133.78
6659,192.76
28375,164.58
23880,121.97
45459,147.81
35088,167.85
41988,190.9
32267,96.99
42974,161.99
1573,147.73
32570,160.88
35280,165.3
46452,133.04
16125,109.29
13432,164.8
6180,116.56
32680,166.89
940,155.93
29189,159.34
34756,125.8
49312,223.83
8826,182.51
31073,197.96
35211,154.39
15256,160.18
42005,149.98
22854,152.49
46719,188.08
3461,209.86
49940,186.61
6833,170.9
33011,159.97
11307,213.74
48620,132.29
36074,94.91
28456,126.91
27964,142.09
34855,168.07
35413,158.66
27701,241.46
38262,161.34
41280,129.67
49226,129.27
3022,165.72
3221,136.25
17938,155.44
23713,102.55
151,169.31
12614,181.12
18555,161.12
35928,181.03
31351,148.86
46959,208.02
42917,178.93
4679,155.74
31151,183.99
48473,148.98
9732,175.27
36353,209.28
42835,134.85
26349,143.17
29574,127.61
45330,122.39
3930,166.65
18456,148.67
19452,191.35
3299,168.25
40427,129.37
43439,186.01
1490,154.14
34591,151.18
28460,138.6
31612,142.99
46539,196.11
21751,158.23
10882,128.82
14674,144.09
8479,161.73
27546,156.63
33255,212.53
32424,177.72
36419,202.81
31166,147.35
37801,164.83
20533,148.73
33937,227.72
22469,120.28
20917,157.1
46458,184.93
47694,180.16
284,158.53
9411,130.8
5071,213.33
45663,171.23
40846,168.94
23543,108.23
3634,230.76
30495,150.03
35043,167.01
28959,207.36
46492,153.08
9502,166.73
8643,152.0
37787,196.21
34862,162.23
12089,160.46
33904,129.4
9012,193.94
16383,196.52
4037,115.14
6805,120.93
46393,172.02
4610,158.79
48877,168.78
31258,218.44
587,212.96
34496,213.67
31733,158.13
3790,219.94
47186,167.59
1698,166.18
42441,151.24
33729,164.96
48481,153.08
30690,131.28
36692,170.85
49991,181.28
22133,161.54
7599,206.71
38400,135.02
36522,148.0
45536,183.24
12011,738.48
11011,191.77
27888,199.58
16165,150.97
17550,139.39
16410,118.12
15732,180.61
41674,119.85
5991,155.97
43891,112.77
35692,146.36
25941,139.49
18850,130.9
6975,202.62
17320,148.43
10090,211.98
43035,158.32
8239,180.02
36343,105.22
3505,178.58
36286,155.65
44130,177.25
8962,162.03
5330,180.61
43092,231.7
44455,215.88
27393,164.77
40296,162.57
6661,160.38
22762,152.63
21431,146.78
9285,142.75
7290,153.32
45320,129.45
36251,157.65
3190,152.4
37043,207.36
46573,102.62
47824,99.85
29950,140.67
5261,170.08
16158,137.1
44712,174.27
16116,210.24
22023,200.74
2266,84.75
47344,169.21
35303,1919.16
32435,225.87
6753,110.67
10802,165.16
31587,142.45
13934,158.33
29142,42.58
8782,119.34
15212,112.85
25851,175.95
24836,140.66
38858,182.18
11266,207.33
29659,147.13
30482,145.26
34393,159.5
34177,130.49
35245,21.78
6200,129.69
18509,165.76
6888,196.33
28986,213.22
19102,167.75
31457,140.61
15122,145.66
12142,118.81
21550,189.57
13070,140.43
24995,181.22
36639,125.43
42271,158.9
48932,154.58
45738,167.11
23142,135.73
9268,135.06
17300,217.16
42536,157.34
43656,125.54
19387,178.37
24182,742.18
21111,50.06
28192,154.68
42741,146.34
30225,184.7
23272,174.73
2583,243.84
12904,136.91
23862,121.53
31944,146.79
48328,122.71
11864,219.14
35911,133.61
25265,133.13
41827,167.91
6922,160.06
42060,137.35
26546,184.42
38595,164.69
25083,191.49
42711,157.93
30406,164.56
21096,227.28
39724,208.26
21641,92.77
7113,135.71
43712,176.87
36677,159.84
46806,169.27
37629,173.78
31995,178.32
35832,165.32
27984,178.24
27369,147.08
39707,181.03
8972,157.2
48551,149.16
30711,174.88
27311,191.63
36698,215.81
18737,94.14
1535,183.45
24297,150.48
14713,154.2
35689,217.74
18770,228.45
29763,162.62
40161,173.2
33905,161.89
8547,220.19
43972,122.0
19327,155.22
32467,168.99
19496,155.54
37024,122.46
1140,174.41
37415,201.09
34474,158.5
22676,87.47
12506,157.92
45057,224.85
3619,166.83
39607,177.73
34858,171.26
49111,153.38
7325,186.23
963,169.25
35314,155.59
30516,178.96
25549,137.72
10836,156.44
1976,140.67
14766,147.75
48449,370.35
37971,147.42
39242,203.2
40230,139.04
41497,884.86
40357,158.99
8058,206.32
45876,167.05
28207,159.05
34180,164.97
24958,152.77
26351,195.1
5056,152.51
20587,176.46
2679,207.58
46057,170.31
30289,170.83
20469,214.83
24518,214.64
49858,251.59
24770,143.53
2763,161.3
12404,133.71
13250,167.37
40384,165.71
21532,151.81
45684,177.91
39611,183.01
42351,102.66
32049,155.11
6382,194.8
42415,227.3
18093,160.19
38865,118.72
31000,225.41
9989,155.13
42098,139.96
33510,168.47
18436,149.81
44220,156.05
17504,182.5
41736,179.66
1418,158.79
47551,154.91
29843,153.21
10312,149.55
37557,138.95
20848,141.21
19965,166.05
17854,169.9
29462,184.61
30542,135.24
22778,128.35
22634,203.68
33485,225.34
1487,233.04
27336,164.71
30089,134.49
2112,255.01
43717,111.57
25056,239.16
13652,175.09
11887,157.92
13910,104.98
3132,218.52
19700,154.05
914,110.48
31141,155.85
23348,153.42
37753,154.35
27877,189.71
33487,153.8
12430,132.26
31452,135.43
20893,81.34
42006,178.17
41386,172.04
16431,173.31
44226,125.72
29265,32.81
4083,130.0
1332,233.06
46095,33.78
14544,149.85
34491,206.56
44946,157.56
49026,152.37
13923,177.25
49027,147.25
41941,152.32
10531,158.59
32957,179.61
41288,154.6
19003,140.46
33029,148.37
11666,153.98
30208,166.36
17123,161.84
43223,160.66
39778,162.96
36790,150.54
29825,155.94
13368,185.56
4200,197.35
28909,162.76
41644,172.19
13607,175.66
18238,157.13
24652,163.4
30880,61.53
38416,162.4
36582,192.32
17395,136.14
18145,168.52
9729,178.33
30039,196.96
35608,128.71
30640,164.8
10348,135.35
44046,157.58
30468,149.93
28043,184.35
40978,152.23
19146,164.93
46326,129.13
17164,151.83
14146,169.95
29131,126.3
631,153.19
6822,203.13
2277,161.68
14565,169.81
21563,160.75
40157,153.84
44129,164.62
4273,143.32
7,163.99
2146,200.82
38974,145.43
44231,145.36
42714,159.4
1700,200.99
39969,162.19
38078,93.83
39525,123.91
44666,178.67
35433,166.79
23252,184.2
27667,166.94
15551,134.1
44078,144.85
21957,166.22
33727,143.23
15672,178.82
48106,185.71
7133,203.69
26992,163.09
40306,169.34
28051,157.44
3456,162.88
20513,171.28
2736,138.28
19720,173.62
33138,145.72
39220,167.77
3215,125.45
46554,168.22
7639,212.96
30743,189.3
17689,168.78
47204,182.02
16659,180.23
1722,167.77
38513,177.66
6434,150.97
27061,139.88
26727,125.95
18755,150.27
20278,122.91
32379,174.4
2095,165.82
22030,221.11
14939,151.28
6030,216.6
1865,225.77
8351,121.69
47282,164.94
30206,154.11
24050,146.61
6995,192.83
24030,185.28
27296,199.44
14936,162.32
6133,144.25
22646,110.6
1403,176.91
537,220.38
5823,214.81
6349,124.97
48292,147.45
48713,210.89
8544,146.83
19999,211.81
38048,122.41
7545,155.89
1994,135.05
32539,204.29
26411,107.32
41146,156.29
6779,197.78
5378,165.1
2400,160.25
43610,164.23
32147,223.04
25878,143.83
7101,201.19
26736,167.86
23423,94.49
39663,163.24
37223,149.01
49507,177.82
6157,150.87
2299,155.43
25669,158.31
27094,157.68
6047,146.56
36550,137.89
26281,101.83
4266,177.26
39384,214.49
13543,108.8
38804,185.1
4166,217.67
26064,153.55
10630,139.97
37174,186.07
1957,177.58
16672,178.92
34036,35.59
28417,138.27
1732,205.56
25765,183.84
31641,142.96
7782,133.08
19962,146.21
32534,194.94
19194,124.71
18961,162.2
35364,127.83
38319,212.43
23752,162.04
30259,169.14
8114,216.83
48563,176.13
10792,211.97
32835,144.09
25057,279.7
41777,182.73
31982,190.25
8195,173.09
33192,126.81
14382,125.11
40921,130.59
7235,176.14
26989,25.05
10070,89.06
32281,151.3
35075,193.94
34185,147.92
29580,146.01
42111,150.96
31145,138.1
1167,212.56
49835,170.9
35301,180.79
37354,177.62
48204,204.09
47543,209.65
29854,182.97
37188,111.67
32391,93.95
17272,152.16
22931,146.45
44195,138.99
36809,38.76
26795,181.13
2270,157.35
23692,161.9
28538,152.65
2446,170.88
23183,138.29
24070,176.17
21848,224.07
24758,144.11
17984,150.3
19304,187.93
18277,143.96
47516,173.91
5408,155.3
2349,168.59
26361,194.4
45209,170.47
16508,136.98
33746,95.53
27990,139.0
32366,160.64
9225,149.79
8371,152.27
46801,158.09
39142,204.98
9770,152.75
31272,146.8
9556,159.29
33646,103.86
35138,110.25
22861,187.85
7896,150.31
34964,158.15
38174,193.41
1789,213.79
26477,160.37
32996,154.49
893,178.75
14721,95.97
31572,162.29
6736,152.02
38671,135.65
18431,179.51
18538,115.99
431,154.53
25628,154.78
11190,153.3
12709,168.91
9739,170.65
48874,228.4
12031,219.57
32823,146.85
49637,122.29
1617,168.65
2865,164.1
253,147.47
7965,115.39
27816,182.8
677,128.14
7097,122.95
44810,167.27
10874,149.41
40078,212.85
16530,145.82
15983,182.14
48975,241.29
1671,148.56
24274,150.39
14274,175.54
10613,149.74
2645,208.53
19388,110.54
13572,205.21
32648,151.61
14425,270.27
30951,163.42
8297,154.62
17051,157.79
20905,152.71
17916,111.59
44944,163.21
42549,193.21
48169,197.02
38902,132.09
9023,143.07
8756,179.02
10596,141.11
44398,128.21
46146,119.68
34928,162.53
38308,149.39
39601,163.81
21042,153.87
34635,156.37
29400,216.77
13427,142.12
22765,100.45
29454,164.13
24305,211.21
37750,154.67
44478,159.18
47525,162.73
23771,150.69
18222,168.43
24222,151.82
18107,173.27
1054,175.68
16357,129.73
867,151.19
1975,153.71
45842,42.39
4072,153.32
48784,209.46
42654,152.4
9804,161.69
21994,152.96
16232,126.4
48492,173.64
20559,146.86
13470,163.37
44367,151.48
5735,224.8
18458,180.34
14792,148.08
45466,346.33
32689,148.07
10290,154.44
46323,159.8
38920,161.49
32415,175.49
47060,116.71
48277,125.94
10942,125.29
30905,155.43
12476,155.05
18068,128.67
15591,176.15
36068,180.93
29236,137.09
37977,180.23
18598,113.04
22216,160.74
25019,166.46
9668,106.62
533,172.86
37226,120.08
687,196.7
39187,186.47
26327,152.21
16896,162.84
18105,111.73
46170,157.24
41136,168.18
4700,206.91
7183,165.65
44182,169.04
46338,106.66
6435,121.78
625,134.07
43997,168.44
22590,118.64
14362,159.02
42684,160.02
28071,166.7
44832,171.06
14934,184.81
929,132.59
47678,191.18
3674,159.26
9352,122.01
24963,159.68
44802,178.75
35195,158.08
5538,192.96
22963,27.26
22318,113.72
500,140.08
9026,180.35
25919,195.24
48024,114.01
16993,135.54
25089,133.32
5955,126.25
6232,170.99
39652,176.82
46291,124.53
1674,166.85
38270,163.34
26968,163.39
18036,169.31
32412,177.04
48528,163.97
45345,169.3
18110,34.15
20714,174.5
41772,132.79
24380,177.68
6652,111.98
13853,166.63
43142,174.83
13823,149.69
31484,137.79
24423,196.79
48073,77.78
18492,326.48
15712,128.53
25013,150.2
8060,162.14
41760,145.68
27785,182.25
28066,191.14
19114,161.09
36630,127.01
16498,150.32
19708,193.5
44357,138.73
38298,211.21
9200,191.8
23928,170.19
12679,171.21
29696,149.46
30186,216.48
11906,194.84
17319,173.02
18401,185.74
20291,165.88
12267,176.03
2468,168.71
32166,133.57
262,150.74
46832,218.39
26238,152.82
30802,182.96
40974,197.68
18342,158.59
35022,168.62
28057,184.15
38951,212.32
11100,109.29
44661,159.93
19840,162.5
42489,150.91
26512,218.6
12342,134.07
8685,143.6
20343,190.15
36793,150.65
37451,153.62
31388,158.73
35867,142.6
47405,168.27
48432,49.62
20079,188.74
33115,147.27
45647,128.8
49909,247.85
15579,41.54
5855,189.76
33580,119.43
8778,166.22
18179,154.29
45458,221.36
32195,166.9
17204,138.85
9605,126.15
42378,171.74
26889,161.31
9367,190.19
40908,182.21
38392,170.5
30782,173.37
41040,204.69
12264,162.51
1034,149.81
594,129.69
29891,217.29
45257,152.02
9680,156.51
44500,123.82
16753,181.61
8225,167.28
32475,163.92
21239,180.8
12209,177.45
34466,114.49
27555,121.2
37097,180.01
11735,181.78
34770,175.76
7452,140.45
40345,111.76
31113,145.75
2917,140.57
5605,117.34
21127,152.89
1292,191.31
3429,185.21
4767,132.26
21146,150.6
38280,124.39
874,160.2
27566,214.68
37150,155.27
4538,106.48
35622,235.96
1820,138.47
41602,172.52
15017,184.59
47521,228.45
28788,232.15
2023,174.12
45653,186.47
48318,191.41
30257,136.33
24780,128.86
24580,162.61
45204,172.89
17048,112.41
43366,249.26
33913,228.24
41604,156.73
14612,219.95
49703,155.33
13295,180.37
1929,149.93
19385,112.71
26801,197.28
15634,127.93
44090,102.65
9713,165.29
18381,205.74
7150,211.98
14970,160.06
27906,167.18
14937,182.68
28919,162.61
43952,162.37
37184,228.53
16529,208.19
1662,184.49
20066,161.79
31483,142.05
3735,163.74
37085,154.91
25768,159.08
37656,98.07
2550,163.88
12605,121.05
36424,114.41
4105,153.82
5069,153.14
43168,166.33
47587,187.9
39055,208.67
26287,141.33
9168,160.3
41768,157.17
8471,229.81
25206,156.25
46511,234.78
37760,225.29
35481,207.41
4982,216.63
31246,93.67
43199,162.22
47977,106.28
44425,167.29
45595,181.14
43225,148.77
49036,161.37
2306,165.83
37978,150.93
14356,176.83
9929,228.2
23748,118.81
8046,168.98
31200,146.05
4786,127.09
9593,137.12
6976,203.94
18366,169.55
12914,104.73
14494,158.07
47157,111.17
37560,124.28
7402,218.93
41838,178.36
6574,128.05
13095,154.0
6179,114.82
585,132.66
44721,191.03
39146,159.28
5327,129.64
37405,128.53
28966,174.19
18237,157.63
22313,147.34
38311,188.02
47290,151.28
12896,165.71
35820,212.43
424,1624.62
24868,159.02
13748,155.37
26396,158.41
35871,232.1
43495,181.4
12556,195.55
23271,139.38
42187,141.2
29742,145.65
5748,191.47
4742,186.27
44153,127.18
8963,207.31
39570,201.81
10318,174.97
251,229.01
24130,179.49
11874,139.71
6419,120.71
49938,124.92
47848,120.69
33386,145.5
38759,140.67
29732,148.59
15032,147.61
39,167.49
34903,249.65
2693,139.42
19383,160.64
40891,213.31
2256,189.62
19663,155.51
39459,166.38
21287,212.68
22970,184.26
22648,263.19
41434,177.05
33644,148.56
20349,135.63
14468,193.88
28159,193.73
27922,170.63
21212,210.88
13733,183.04
11097,124.87
26739,177.11
36870,136.33
506,133.45
44390,150.29
32119,194.43
42922,108.67
1101,212.95
46668,226.2
36590,165.04
32508,162.49
44074,171.02
22812,147.59
35354,149.12
40729,128.25
25610,137.65
1609,143.23
38879,193.07
32495,180.14
20444,148.51
17847,149.22
20869,152.71
10736,157.3
5383,190.85
20866,149.12
13105,169.52
15687,171.49
48673,162.71
31519,158.74
9622,218.47
11236,115.13
20286,184.37
20242,111.28
18476,180.41
6432,144.83
41662,164.08
47541,186.24
5926,178.18
43100,189.97
26644,185.63
17796,26.76
14872,158.19
1431,165.8
39636,233.61
39040,193.29
45847,174.42
28305,231.25
14506,173.04
13626,180.63
26995,153.5
622,145.14
21715,137.76
49029,166.08
33280,113.18
12236,158.36
42975,182.41
31794,163.76
16000,167.48
7265,158.71
14239,167.57
25455,130.87
36833,90.6
12797,164.49
40535,160.32
48416,107.07
749,152.94
16346,136.14
218,217.69
32589,146.71
20193,157.04
42468,182.05
45313,234.8
36459,183.93
47549,171.49
21071,152.26
12419,172.1
15960,110.55
32654,169.72
7539,157.87
14402,183.57
42786,221.47
17162,141.2
8482,158.58
7322,170.56
30060,177.5
13758,113.72
47845,162.1
8511,140.78
23331,186.18
7340,149.02
35862,163.19
39530,139.07
7520,212.49
2944,143.93
41711,170.36
2617,203.08
49962,254.38
23150,128.62
36655,167.19
47692,160.76
42923,186.73
27291,172.11
49373,175.6
7145,166.92
6927,110.78
5924,209.77
1860,137.52
22199,238.65
43162,243.82
38931,106.35
7653,158.68
23470,155.53
32210,175.9
6537,146.55
41773,157.09
24248,114.19
9314,170.79
26517,216.7
37296,233.72
5698,143.2
40002,193.54
28509,197.89
12478,128.72
49580,150.35
35367,130.11
4153,156.95
32596,154.47
28994,153.79
27508,154.13
14683,151.64
22497,166.05
2604,161.62
9793,156.55
35779,169.09
9106,152.29
8322,157.71
39346,166.56
7162,221.69
35059,241.91
46009,193.2
24007,186.86
30839,83.04
42355,152.05
34992,481.57
48614,38.79
29452,177.39
10540,223.53
42687,158.69
1851,152.78
3800,212.2
37713,129.88
33918,163.24
44866,120.12
33113,141.57
33364,158.49
37687,182.73
29875,136.8
39114,188.74
39899,205.59
46645,176.48
22956,166.16
14945,122.13
9193,176.95
7391,170.56
23243,256.62
40797,161.15
31092,212.04
7041,152.93
16928,157.26
22050,154.87
36300,95.84
47057,102.77
39084,176.73
32319,136.05
15748,122.18
24930,146.68
9684,136.31
35160,106.4
9937,205.28
32717,133.44
41200,197.02
31929,157.95
32123,92.87
37435,212.77
48863,187.09
46987,131.14
31629,136.37
21617,172.1
41705,131.09
26074,151.94
42879,181.51
22775,110.99
11522,162.44
31259,126.1
13215,201.06
42446,191.48
27319,158.94
29901,121.96
28361,138.15
20417,110.23
27306,130.49
16818,140.33
34508,192.53
39169,240.11
15898,201.26
34573,157.87
6197,117.56
41746,152.21
42215,238.82
11343,197.06
14515,182.6
28628,184.51
47322,190.64
46710,179.31
19697,179.14
16983,139.34
14541,133.94
1228,165.18
10051,155.2
35173,154.56
42915,127.3
7176,147.47
32470,150.08
41750,153.54
18003,165.17
5081,193.37
1184,124.68
28499,164.5
280,128.05
35645,47.4
23767,168.77
33471,152.6
18903,174.95
45044,208.24
24027,110.44
14604,98.4
38732,207.8
28570,250.38
11772,128.54
2831,117.08
5342,185.4
2035,204.76
41385,225.5
44564,151.92
25938,128.97
2327,168.74
46239,151.32
3694,169.81
10389,232.32
1401,190.14
39135,223.88
17037,148.26
42280,134.24
3917,140.92
33657,154.84
16578,131.18
21457,156.12
34758,152.45
41800,154.29
2731,156.1
48351,152.79
20511,176.22
5412,155.89
3641,167.63
37121,149.15
17281,126.33
14014,144.2
32902,333.87
4278,168.95
47841,184.74
27096,32.91
35765,56.06
31307,174.94
6312,154.25
38777,170.06
17701,172.06
30575,178.16
17709,92.77
18599,154.98
48119,203.78
19244,204.85
2182,187.84
10281,149.43
15695,226.38
15398,172.8
35782,126.99
44970,210.2
11211,132.33
14241,133.82
44894,184.3
36874,97.93
1166,136.36
30325,111.03
20347,162.52
4158,198.99
40338,171.6
48187,195.12
37301,174.61
8240,135.13
9061,189.6
1953,170.3
43698,110.88
43483,127.27
36243,183.57
35514,124.86
38081,105.52
36598,171.58
18573,144.12
23920,142.52
6632,127.88
6391,161.13
6651,168.16
34341,113.4
21736,153.77
30041,171.13
33628,154.38
20083,220.85
42125,229.33
42097,135.05
30632,148.45
12567,245.8
8977,162.21
43939,181.12
9021,147.09
49305,148.12
23389,169.47
19940,153.3
15517,136.24
24671,148.81
38073,152.27
18103,136.69
10394,240.05
12436,182.59
15215,160.57
39612,205.24
25900,164.06
17236,683.23
39044,112.27
3106,160.61
42630,177.99
30990,223.26
24251,188.84
45323,165.31
15554,105.86
49063,174.02
18656,223.64
9094,149.71
2332,199.55
48686,182.88
11683,172.89
46448,156.81
580,232.71
20776,174.52
48786,149.44
7357,198.34
20425,44.58
19646,152.24
37454,172.65
25115,210.95
35042,169.79
48304,164.94
48918,166.57
13153,173.09
24101,181.81
14887,194.56
5995,186.01
30111,136.28
30362,163.18
13243,211.13
1318,175.63
6810,167.3
9142,152.79
44233,226.79
42055,188.53
32630,155.21
20205,166.58
30923,141.43
7407,161.41
49095,122.78
35219,128.75
18843,116.66
26857,166.49
17521,40.3
36258,216.95
38376,199.78
16148,132.88
40926,130.35
39498,158.86
18717,193.97
24109,145.17
4181,165.58
18957,168.38
37705,172.8
48298,133.75
46420,123.6
44775,223.64
25828,137.98
7307,161.31
3116,195.58
21350,154.93
23894,182.05
17174,158.46
4423,128.58
8896,131.77
11467,123.84
46867,120.25
49381,209.26
20322,87.26
43569,165.92
46768,118.41
43611,165.16
37544,154.23
32496,92.06
2151,171.56
18160,146.57
32163,200.5
43776,168.68
32439,106.33
15125,96.03
25312,191.63
9635,165.14
3844,218.4
41302,114.6
38568,164.31
1272,165.93
43357,155.14
41427,162.61
28102,170.73
2070,238.92
40106,142.56
38407,148.03
7428,171.19
18978,223.74
5876,127.79
33977,164.19
24987,103.28
47497,151.22
14696,155.95
17690,134.66
29044,180.5
5116,112.86
32573,183.95
16689,220.15
21889,191.79
2732,173.01
21285,199.92
5542,181.56
43192,129.92
43774,164.63
22347,134.72
43828,163.22
49433,131.84
33579,152.86
15143,107.46
31408,147.08
31620,117.15
33874,151.63
37049,181.59
27988,121.66
16146,142.01
1504,144.05
46789,195.86
49549,153.47
903,165.04
31331,183.18
21855,158.75
19592,134.58
8597,221.18
9058,170.78
48426,205.42
7360,152.51
648,165.62
36521,150.71
25963,164.48
45752,105.27
26255,156.53
27185,161.1
44637,148.27
49833,156.79
34311,211.92
11912,119.05
24937,180.02
25282,203.69
27350,173.16
9196,112.76
42332,190.35
26691,141.81
12657,138.19
46958,171.84
25051,45.59
30381,208.85
2545,136.7
6840,116.13
5856,153.98
27401,192.53
36121,154.43
49020,211.41
37797,174.69
46565,133.14
13169,139.04
33621,225.43
28676,123.31
14487,168.4
26622,168.77
31895,149.12
6416,215.22
9129,138.01
26761,160.44
10937,213.28
172,164.13
23214,111.44
42842,161.31
9909,136.22
25911,122.93
48885,155.86
42173,141.33
19439,195.65
39504,156.17
38496,196.41
18872,163.49
20713,152.75
17054,146.16
32673,156.75
38809,165.2
9539,173.37
15335,174.05
21450,152.12
12893,140.56
40011,175.21
26335,177.1
16811,153.02
16602,166.77
2681,137.01
43295,181.37
29030,109.22
26055,121.07
44292,171.08
18970,171.9
47814,178.5
21489,128.5
35581,310.22
318,34.29
31248,190.09
10709,216.24
43463,141.84
7577,140.52
23241,139.67
4897,186.04
4565,188.64
25717,274.52
47238,185.15
41057,161.21
12427,175.56
9127,159.85
5719,140.67
43358,166.57
31835,31.49
31143,200.38
25507,179.94
1913,170.29
43161,169.66
21691,131.09
49425,266.78
39223,38.86
28290,174.64
31045,167.31
5206,163.91
26806,120.63
33569,240.14
18662,163.3
19970,119.99
27001,172.07
46047,180.45
14422,140.38
31006,165.6
40028,136.27
27111,173.42
15237,107.01
11338,162.48
13183,124.06
35247,141.19
29004,137.45
18488,229.02
9723,152.19
10133,23.63
1682,141.0
45425,208.79
41739,132.88
2280,232.88
35487,170.35
19021,147.83
32800,152.01
22409,160.47
13041,157.36
33349,152.15
46653,99.92
20664,163.91
40241,156.73
41086,215.51
31353,183.9
32507,240.12
522,158.23
19530,135.46
19415,132.37
19467,243.36
28629,187.74
5658,229.57
13193,156.56
29529,156.62
41601,140.64
735,200.25
7331,177.08
4242,119.12
43816,159.87
18155,178.3
26210,240.38
15047,170.92
24207,110.62
22244,150.55
40923,117.15
8226,130.6
22509,126.94
28225,132.47
20634,123.72
16954,198.85
27079,171.22
29641,164.46
19348,135.38
39482,184.79
24773,226.2
16145,148.9
47674,166.81
41,161.03
3030,204.24
10676,163.05
38731,161.28
42953,127.8
24759,178.57
11961,280.83
18956,139.86
19963,199.1
12093,165.71
22644,175.82
21392,170.05
20110,139.79
47247,181.01
31421,168.51
21670,99.88
49326,211.1
28978,126.88
3947,173.44
25809,177.12
17209,106.65
32219,153.62
29680,186.96
31603,142.85
28745,190.95
14472,178.74
35116,142.77
33234,167.32
46707,120.34
30901,131.36
36764,160.84
45775,126.55
41817,144.83
1046,182.58
22958,153.59
39192,102.27
37237,147.28
47462,159.7
6203,140.26
23652,148.77
44529,151.97
26646,86.72
19061,177.49
32591,93.04
49587,152.52
14741,192.57
32402,151.18
6185,155.22
5361,148.93
16085,114.53
26847,228.8
18918,89.2
4504,184.14
2363,117.28
15263,134.52
8558,214.53
14304,113.47
31343,151.27
27581,143.44
20519,82.79
17888,24.66
45979,160.39
26067,122.26
41254,124.61
17010,144.42
17116,175.65
9857,161.39
26061,110.23
2818,164.92
15464,167.52
12982,198.53
1584,186.13
11924,169.69
14897,148.94
25456,156.0
20393,150.56
3620,177.94
3901,147.09
28601,175.94
33762,155.54
21689,178.56
10587,151.51
9537,136.54
14841,171.43
6928,142.38
19444,164.32
27081,153.65
71,178.45
2966,147.98
44909,180.43
12901,128.7
15619,135.08
32943,119.95
5140,151.68
40597,196.36
9921,158.87
5343,167.1
9206,149.14
29084,225.41
7156,208.19
32425,172.06
38648,187.58
410,127.7
30962,118.88
43385,189.54
25662,185.91
1681,188.4
33467,150.68
44052,148.73
1491,163.97
27503,106.03
47004,172.15
14783,169.34
32330,148.27
11639,161.26
39315,181.07
44719,172.12
40180,137.42
6433,126.02
46614,123.15
10605,137.14
16409,153.44
23481,135.57
30556,160.42
49487,64.12
47380,193.58
37110,223.76
47217,198.56
46175,112.31
47101,158.78
4519,142.43
4731,137.31
215,163.3
22288,181.44
39302,133.97
30957,178.53
14862,190.93
6167,119.67
35102,124.92
3595,151.78
25245,162.39
34515,138.84
36233,148.93
25530,226.51
47696,112.75
33057,245.65
47908,218.32
40208,227.9
34572,208.16
20323,233.1
8781,163.84
24413,174.08
41039,155.79
5200,210.33
29432,147.73
40174,153.83
3934,158.99
6979,203.69
990,170.45
12424,176.02
38462,201.45
6268,184.6
14149,180.34
5004,138.82
32626,137.18
10509,178.77
27230,172.66
48388,153.53
21115,148.17
48634,43.75
35737,218.75
35983,164.78
41015,180.77
21591,121.37
11595,166.96
47716,115.8
11122,159.85
17996,160.15
18906,180.23
44880,141.0
25912,108.67
5518,176.98
31907,113.17
31663,133.9
32700,225.25
4208,118.62
37142,135.27
39588,157.44
11876,34.28
41631,133.89
36073,104.63
4420,190.15
33091,161.4
1830,153.78
16251,166.64
48443,149.96
4631,172.69
16947,165.83
13973,113.87
9147,102.73
12565,262.09
3819,171.32
16769,164.64
14006,116.94
13206,167.49
26304,202.78
34195,146.2
38183,121.23
35621,216.04
40799,163.72
15665,122.47
14045,147.02
19984,172.4
14030,124.05
19033,212.62
8920,150.35
9649,112.96
3463,165.27
7679,170.97
20814,195.63
7218,218.03
48594,166.75
36013,182.28
25156,141.66
5479,157.08
35834,176.3
20547,154.54
20091,179.3
23857,173.06
13950,144.3
21982,161.48
27297,178.41
9520,119.05
33641,138.14
7034,142.52
19201,159.4
22531,255.26
46996,147.03
7268,155.18
40617,207.14
26342,230.0
39836,156.41
31801,165.7
48966,221.68
36184,125.68
40659,164.49
49257,141.4
19007,195.46
2908,162.4
36306,151.73
13130,173.59
3483,156.87
5678,152.34
45183,162.42
38707,142.48
39980,194.09
11528,156.97
10491,158.81
24094,134.56
21309,130.82
45162,125.74
49335,150.07
29096,222.51
27689,147.88
8941,102.73
12631,135.37
44983,212.91
21228,149.53
36267,24.01
27422,142.16
27854,160.47
8526,121.97
2105,148.78
31453,154.92
29972,157.83
35177,140.86
2008,180.1
33431,192.67
1708,233.91
48823,217.33
9745,130.71
16630,216.72
22494,183.98
7263,136.98
38792,147.44
42648,183.61
42972,218.24
3924,172.16
2345,223.69
10464,119.61
19355,218.06
9313,222.57
26790,18.79
44179,111.07
45623,136.6
41006,156.87
9521,165.57
37281,175.17
35965,157.43
28753,186.43
47375,238.0
31115,260.38
29208,128.18
46985,172.44
7065,193.4
6542,122.25
22002,156.2
22717,153.04
28561,115.27
37309,192.83
3862,186.46
25737,162.67
31631,159.45
49823,271.94
6700,159.29
4648,166.33
48828,173.34
14366,134.57
2458,133.02
34517,110.67
49540,209.64
3126,150.95
42384,195.33
15461,209.55
23485,166.19
32980,160.15
38580,173.47
49913,160.64
14807,178.64
2572,131.77
44715,146.29
2287,139.69
8452,175.03
31699,141.12
3610,164.67
4194,208.62
22284,164.84
46109,182.34
28104,160.2
17417,165.81
31885,144.64
32052,218.63
8036,110.97
19374,160.75
674,149.3
9445,120.6
33858,175.37
28149,174.63
31317,147.34
46292,153.97
30405,139.34
23157,148.91
26431,153.68
8859,145.32
48945,126.38
35493,141.0
42043,156.05
29392,129.3
13657,157.53
28837,167.77
28658,193.41
30480,142.16
43211,152.13
18167,191.36
44484,147.07
7681,127.36
49269,162.19
35062,153.09
34380,158.49
11635,180.6
40751,172.15
29583,155.85
40855,154.5
3612,181.95
19292,173.45
32541,133.73
2947,150.91
41812,169.54
15615,188.2
29397,179.77
46533,146.85
30125,186.16
40308,154.07
9448,160.33
41142,202.73
9791,151.31
30892,113.82
8,148.5
45949,191.65
4096,213.8
25956,219.45
37500,185.62
37104,204.41
23693,138.32
33516,186.38
6970,124.3
16244,163.08
17221,154.44
34747,144.65
48755,172.71
25830,146.48
43481,126.14
37653,142.84
23913,149.12
24610,173.29
1963,151.15
44851,133.61
22860,158.03
44349,144.03
41581,137.65
7278,183.08
1484,126.14
9533,167.74
39915,131.53
46098,119.66
17129,220.21
26693,173.31
12789,148.47
7365,183.99
47570,217.34
18702,176.56
5101,141.58
16265,216.77
13290,222.58
12497,156.75
40715,149.24
8808,122.17
30239,127.42
656,146.03
3119,159.62
11360,166.27
8648,148.5
46968,162.59
3383,146.88
5458,158.36
13100,135.3
2909,191.79
1896,149.73
3489,161.88
21956,142.44
8693,220.17
6748,216.89
19270,179.89
30380,133.24
26143,131.74
30597,166.59
24033,218.3
45348,173.48
48205,159.95
34005,165.58
9710,115.02
12377,175.56
35541,163.12
26609,163.52
49490,161.43
42018,152.82
20228,159.21
2756,174.01
24416,141.52
16306,208.02
47177,161.88
45931,191.69
183,159.92
46920,116.99
24899,154.99
1371,164.1
47771,157.95
12617,169.51
35120,119.31
34499,212.91
8242,119.27
49615,151.39
20823,275.68
19019,136.03
35105,166.19
5689,132.71
35731,140.77
25754,149.35
36279,198.77
129,164.75
33835,163.07
24271,206.24
9368,195.01
34444,131.55
5355,161.46
49059,158.89
19705,179.37
40162,163.02
8386,187.24
14748,165.57
29948,154.17
36566,144.09
15797,177.41
21440,172.2
26930,130.6
46375,134.13
4305,140.24
111,46.25
42273,39.72
33300,182.13
29736,42.93
40563,182.0
2837,178.72
21545,170.14
17279,168.91
1558,156.01
16029,199.81
16484,233.14
49682,603.39
44562,149.9
110,124.94
47651,165.51
9962,126.19
42166,179.24
42586,161.57
28317,145.17
844,179.19
21680,38.52
2602,185.9
35167,101.99
15786,140.24
48270,161.4
25326,169.31
32899,170.6
13478,170.28
38191,107.21
11579,142.21
16404,161.66
36231,189.52
48116,170.3
8298,126.56
40991,145.6
47007,152.05
21188,138.78
7541,141.87
33179,144.01
18447,222.11
10818,163.1
49038,124.28
31396,172.4
2496,164.1
10013,140.55
6429,49.34
9302,176.87
26504,242.5
22312,145.76
36046,221.8
44877,168.48
23003,158.14
18183,178.98
3837,241.4
10128,169.16
7617,140.89
28494,157.46
1827,162.03
47937,242.4
40105,131.3
30101,174.85
3911,194.12
13460,110.23
10690,180.42
46174,176.79
26455,193.86
37582,239.44
46514,132.53
36843,236.74
19737,143.48
24013,160.48
2013,186.03
13300,176.49
27194,215.48
7226,204.8
743,132.73
1672,141.8
23504,170.91
18239,206.56
36750,181.86
48658,166.92
22902,242.76
26011,152.75
49735,220.37
47956,151.84
9254,132.95
36529,136.42
47016,216.71
32247,119.3
23733,167.35
23901,145.61
6408,174.61
29247,88.54
220,153.32
14327,214.01
42416,138.42
3703,215.54
6811,187.0
14573,107.37
24851,208.91
46330,122.35
11973,152.45
2290,232.88
18642,141.56
22727,157.33
39678,197.94
29952,212.16
5564,114.13
9208,145.82
31486,141.04
25760,129.64
2343,194.01
17639,162.1
22608,162.32
35479,178.53
16078,171.61
31768,206.78
1787,170.55
12702,188.09
29387,133.69
11478,181.75
17292,139.81
15986,146.56
47962,159.44
14360,99.1
8845,164.16
14687,180.09
13489,252.8
37839,219.34
49209,129.69
30697,149.35
28434,225.69
6384,134.89
41079,150.66
13998,158.36
40178,159.98
24522,130.17
7185,176.51
17191,160.02
35575,157.38
40365,156.07
5882,202.16
13253,180.07
19175,194.07
3306,151.7
23874,132.94
45959,163.51
36033,154.03
23303,177.35
3065,204.13
43141,160.43
37032,163.39
37777,201.01
47759,131.69
6182,165.5
13578,152.56
46619,141.51
32466,165.51
21040,161.47
20341,177.25
34145,180.87
41632,169.41
23262,142.05
30308,116.53
325,140.4
45339,167.11
14510,142.99
19885,172.17
29105,160.83
27881,123.55
39054,129.48
2542,162.76
19917,111.16
26410,169.68
44555,122.13
8369,226.59
23446,157.92
81,132.4
20049,227.04
1804,156.68
35808,191.12
7626,217.64
49096,119.96
9062,149.19
1107,177.65
48350,175.72
11082,125.07
40804,150.14
22724,139.91
18966,152.9
13989,165.78
20089,158.89
20825,163.21
46083,118.0
17386,177.18
38789,179.24
26031,208.0
2993,220.93
5182,127.34
15131,147.61
324,162.43
22534,184.32
12052,199.96
8162,141.61
20758,217.04
29618,145.02
15227,150.33
8338,134.05
19701,99.53
24167,135.54
28193,149.04
9805,196.87
41527,145.41
21432,208.11
40933,221.9
38387,205.69
10856,156.5
29600,162.96
26333,113.74
29748,170.13
18591,193.67
24166,185.34
10950,176.78
44859,194.11
24158,173.07
46303,174.57
34535,157.33
19767,111.39
39679,197.38
1685,139.23
45267,161.2
24675,133.22
121,141.18
43102,185.57
19309,163.7
2745,167.76
17663,220.38
951,26.84
22048,132.8
4063,145.98
49550,186.68
3511,196.68
47330,193.84
8851,167.97
10513,172.01
6426,228.37
23145,202.27
17703,152.06
2326,120.19
30402,147.11
31684,225.96
47123,168.08
39061,157.06
44760,142.93
32201,134.11
38077,141.09
39747,169.14
1069,36.77
47072,169.97
37251,185.44
37945,343.58
6525,218.23
42747,188.34
41372,170.69
45479,165.73
29083,127.03
24794,165.39
27696,153.03
49671,173.54
42109,114.59
2779,200.33
17600,119.26
47028,152.6
37014,195.68
17517,116.99
32338,139.86
26344,200.43
10734,140.18
22331,166.67
17962,163.18
39458,293.32
48261,149.74
13997,194.43
34552,150.16
42011,218.4
31687,213.88
3582,208.09
20972,172.4
26334,201.73
46165,169.99
27337,132.79
20689,179.37
27063,138.22
16427,168.82
37837,188.47
9442,133.4
26986,215.29
16972,163.23
48072,121.43
1636,137.56
24966,151.87
49221,25.53
13990,184.13
44580,155.99
22214,168.26
49977,209.85
15421,138.07
19358,154.99
36119,200.59
34457,224.78
19093,156.87
37218,138.97
43960,167.52
3799,147.82
42176,132.63
42115,115.5
14770,123.68
29348,177.62
30916,194.13
12529,155.82
46537,114.28
803,141.9
46384,169.59
49993,176.08
9421,139.37
25581,200.54
28155,190.05
40267,149.32
3906,184.9
12339,179.81
10507,141.78
9235,173.34
36097,159.29
48890,231.97
23368,163.4
18518,24.93
773,189.14
10661,148.93
28354,170.45
22948,137.72
18663,161.13
11716,171.08
38100,198.49
5041,179.28
42804,158.65
46073,124.21
5960,119.41
30456,177.13
20376,172.98
14223,151.28
22530,133.19
14204,111.68
31799,48.8
33947,180.1
47617,35.37
29977,223.96
7403,208.54
39323,164.1
39585,140.1
41416,174.8
15854,146.19
3945,205.24
14884,158.71
7306,140.12
37962,110.33
35318,117.92
9085,165.3
7564,122.54
45232,132.43
36670,163.27
19653,118.47
47021,186.76
20202,163.55
35497,35.23
3232,138.14
43205,174.37
40399,156.92
12594,126.28
40175,231.96
44189,185.7
201,139.22
31215,175.56
39677,164.97
15430,240.67
30940,128.4
31222,115.0
34202,185.52
48936,161.52
47151,150.27
24411,174.34
17809,181.42
47268,156.03
3756,214.68
33142,169.26
12587,179.76
30438,162.22
13329,142.19
13062,176.83
28699,150.5
4297,186.12
30196,177.18
38037,191.4
4751,111.23
8649,105.48
44355,164.41
10637,157.13
19241,194.0
36310,170.45
24334,123.32
46017,160.95
22908,150.94
48717,31.96
4557,138.44
19923,179.72
28246,218.57
16262,166.82
20826,202.67
41176,181.72
36058,221.37
858,128.76
37969,228.27
27823,223.82
33347,137.74
31165,130.31
14284,166.07
20253,90.59
5534,133.93
36335,149.2
37215,198.33
44001,166.36
1878,134.78
29112,148.15
28474,42.89
15028,152.96
25660,86.81
25165,201.74
6606,176.37
22833,249.94
32076,165.27
41213,194.97
968,34.47
45502,22.65
748,146.28
17408,128.2
1033,173.97
39775,175.34
25161,205.67
12288,111.09
12038,150.08
28011,172.2
5271,41.52
4284,120.47
33455,145.89
47537,115.72
19680,161.93
14553,158.34
46177,161.84
6759,209.5
40682,134.17
4904,163.85
6694,160.98
36040,150.57
20507,249.86
29571,154.36
6936,150.15
16712,155.94
26354,102.11
39638,159.52
29418,163.73
36999,156.54
19438,180.36
33494,150.05
41422,170.06
44420,152.58
3076,206.19
44260,158.83
27584,139.24
46001,157.98
27405,132.18
8676,173.16
42188,176.94
47960,156.69
3564,214.55
49674,172.01
26777,129.7
3767,780.87
48090,106.59
2030,167.93
16550,138.68
12217,123.6
44444,166.81
7194,154.17
21300,185.33
9355,156.73
31838,99.82
22692,149.32
12365,112.3
23009,276.66
12758,211.91
2628,154.96
11606,174.48
29453,174.28
2500,219.74
45543,132.64
725,134.75
25698,181.22
3856,44.24
17419,108.88
9171,152.24
39197,147.46
16153,165.0
41089,178.3
36998,250.79
12972,179.11
14566,196.78
8221,137.76
16648,113.29
42866,109.21
14730,178.98
21230,182.19
17842,157.62
17583,128.01
44994,149.62
29195,212.86
32679,111.68
33809,138.06
14742,157.04
28443,179.37
16676,139.68
27698,165.14
34986,129.68
4238,181.35
46454,168.53
12640,185.43
3357,195.88
31480,229.52
36123,181.5
48893,160.0
14540,160.22
2663,154.28
24544,166.49
5103,196.35
5549,132.32
31649,209.26
2790,227.48
37786,174.96
42405,185.29
24211,195.57
21747,129.95
37972,127.23
3549,169.64
6083,191.56
31996,166.7
25847,231.08
13957,162.7
42075,165.07
45869,133.01
38338,179.12
20651,154.15
47347,155.79
35648,168.72
20957,242.26
36342,153.37
19968,159.11
33559,166.82
42186,109.31
42576,172.09
30600,168.06
3453,120.69
47862,192.38
36763,158.02
31488,169.6
48544,170.9
32725,162.4
27681,152.2
21899,172.92
44101,167.9
4338,173.98
16846,177.39
2246,125.01
48914,216.85
44027,116.73
36774,153.37
42598,104.19
20862,193.57
36597,151.57
14489,116.24
12516,181.13
21402,201.13
34353,175.42
14644,219.12
46443,161.06
37809,158.99
45525,181.4
29848,164.8
26157,137.18
26177,220.88
47961,122.38
6921,151.64
2305,260.55
7975,149.12
10997,161.23
1654,168.08
19056,161.29
39572,168.14
7118,180.52
1244,156.77
17205,156.77
7680,126.27
45391,178.35
5032,173.6
47604,186.1
18619,91.41
19741,119.99
41188,128.81
41206,429.57
14183,145.4
10478,154.77
47559,155.3
42638,174.67
43054,166.58
14632,208.77
17731,107.86
9288,148.31
22112,172.68
29255,191.04
39006,143.49
41071,144.32
27071,143.63
29003,191.34
11332,193.84
26132,145.12
42333,191.73
37060,173.93
8900,154.16
15500,153.94
39660,174.29
22723,153.04
32527,223.32
34753,166.49
7386,172.09
7957,162.96
38104,208.48
42616,128.88
30052,166.39
8207,203.89
3569,158.15
12734,103.32
16086,89.61
16343,37.98
46795,165.23
33231,136.45
42523,166.37
37926,216.3
11498,187.46
41508,177.01
7948,116.01
16178,171.32
25942,178.92
45065,152.1
43354,159.17
48196,118.4
17053,210.64
5226,160.05
1545,197.92
14732,135.86
14085,148.75
44503,108.33
40348,142.54
1396,161.26
25194,150.37
21767,130.22
32758,172.34
4645,172.99
40077,83.67
46143,159.93
26562,160.3
26102,149.96
10657,115.48
13279,157.62
14527,164.72
31962,158.12
47689,209.88
31194,169.54
11027,189.04
8764,151.31
22239,130.21
11213,165.46
3508,184.28
27090,163.05
9041,110.61
34800,174.66
24781,146.99
19899,156.65
29448,187.4
16881,158.46
29497,211.3
37586,248.82
13042,136.77
38581,162.73
5324,199.1
4010,140.06
37350,167.34
27062,243.58
24634,229.92
12351,218.08
4544,172.09
21242,141.53
38389,181.67
5596,180.3
32947,184.81
24002,157.1
41424,161.69
36830,202.9
11891,189.59
41766,114.07
7450,207.87
20207,145.72
14287,156.42
19091,203.26
36084,161.83
40435,136.97
16715,146.42
29086,138.74
40311,185.84
30773,165.49
28944,165.67
49094,176.28
19809,175.84
38188,111.71
24651,277.02
48260,156.71
36468,222.16
6601,176.16
29338,160.17
7862,145.51
35414,116.64
9585,154.49
32986,191.83
6553,202.11
22915,196.78
39353,178.25
19950,154.18
14305,125.49
35861,138.77
2301,164.33
18499,167.66
7174,149.16
6709,146.77
26937,250.1
17572,190.1
15247,161.72
35666,161.27
4590,169.11
25791,162.78
8593,158.46
32426,128.24
13283,133.12
14093,182.14
38497,212.49
48895,119.39
32327,147.96
24425,162.55
22979,169.11
25685,147.98
19392,248.44
16054,133.69
17480,161.93
47190,133.87
46022,168.78
2825,88.06
1648,148.67
6207,224.18
22625,169.28
13898,373.32
36004,163.85
16356,179.72
48236,164.86
11994,218.54
741,155.17
8953,174.33
22568,156.06
26329,163.46
48993,158.04
21479,183.38
22380,209.75
36749,243.23
32373,160.44
48230,161.32
19851,165.25
34472,117.62
34281,197.93
32909,165.28
39859,173.52
5767,203.46
22869,198.17
23263,150.1
47168,140.46
21773,80.64
34931,157.1
8306,147.31
2849,164.34
20569,130.66
21446,163.95
18092,137.77
13260,114.04
6864,167.9
27678,179.93
32224,175.54
20404,168.87
28760,126.87
11667,181.51
20061,176.1
16922,162.28
15321,141.84
38395,160.11
40276,38.61
26822,172.4
28119,154.03
22396,132.43
15369,150.34
40667,160.21
31941,197.23
20350,172.89
1978,163.81
41808,161.46
5941,201.33
8940,173.64
39637,157.84
33509,172.17
8279,230.72
21836,156.83
38562,168.84
48190,41.69
30835,170.82
6593,167.04
24800,152.92
5304,162.92
35148,107.91
30284,165.77
17447,149.45
13981,148.83
39217,110.37
36272,196.41
38130,135.57
9315,162.96
11844,142.42
49728,150.26
1053,170.24
1985,157.29
10853,108.66
48948,129.88
15654,160.72
20191,154.88
16405,114.54
7739,115.98
34996,210.48
34307,218.7
27539,213.72
43294,171.24
43505,167.72
19977,129.69
3946,204.26
48487,158.16
941,142.43
11458,169.74
22034,125.53
37476,100.05
33034,222.25
19806,168.58
45591,183.5
41211,152.49
33789,178.54
34983,147.29
44648,155.32
31868,142.03
19619,197.35
6676,248.99
22390,162.53
20789,239.79
24526,206.92
39013,174.18
21458,178.81
10100,174.71
7746,143.28
43540,200.86
12711,164.3
38148,127.0
20405,150.64
16249,249.2
7706,162.65
47206,156.07
25556,159.84
23286,130.78
49299,201.12
18400,147.46
31156,157.42
9831,213.37
3392,114.29
19835,150.92
12082,185.2
41117,138.47
9591,148.53
1522,164.08
3077,183.14
31189,176.67
20500,156.15
9025,123.56
4048,183.51
1555,183.67
14576,153.63
20064,134.26
4916,151.96
8583,125.4
45099,207.81
43927,200.08
6313,135.19
18308,215.93
23533,186.18
22250,96.16
21335,130.84
14738,88.98
24673,156.52
11837,221.35
45858,166.47
3417,174.01
11128,192.17
517,183.25
8909,138.89
26897,172.11
14189,171.78
12660,108.33
24142,142.35
25816,132.19
36355,126.1
15681,142.7
5992,167.1
24689,107.78
14301,173.38
38378,183.26
17525,192.81
24754,225.77
9267,139.36
8380,193.5
10965,141.51
27992,187.09
20146,183.15
37122,127.33
39536,146.64
99,180.41
49918,168.38
29150,148.49
44188,158.97
32911,211.38
33426,174.3
9633,96.27
30183,162.46
46056,152.44
33833,275.54
2389,193.74
35628,193.59
26703,158.2
5427,128.14
34644,132.56
20666,175.07
8277,118.86
7912,172.93
25838,171.83
25484,132.6
48251,193.67
41376,218.99
36479,177.72
20571,154.24
3754,158.51
36043,222.92
30748,248.15
46807,184.38
29587,131.45
14886,105.07
31948,171.0
2021,130.65
45644,209.86
43285,185.28
34187,116.4
44356,171.34
32594,187.19
8505,204.73
16636,156.87
9007,218.48
22938,216.54
36602,164.85
12201,229.93
39740,178.24
5894,162.79
10423,130.13
21248,153.89
6351,198.45
2508,179.07
20273,128.58
46068,202.42
39514,178.12
4254,156.07
5743,236.48
40361,182.27
23395,107.07
27835,38.98
954,212.34
27157,175.52
46161,124.08
33264,139.83
34907,161.71
23442,137.7
26169,169.89
4013,166.17
36050,96.6
45083,163.92
45278,157.35
2659,154.74
49536,207.0
42377,157.99
49601,229.83
42719,156.74
41570,172.65
27474,173.18
49983,152.91
4362,167.98
2667,201.52
25335,169.33
29573,243.82
19052,181.08
48129,198.25
49352,175.95
44693,169.94
12352,175.74
20402,160.18
3894,113.66
44830,205.22
25301,195.04
48403,66.36
848,278.81
10850,175.72
12693,138.18
17194,148.65
42874,127.66
47134,127.4
46247,174.87
37070,159.4
17357,98.44
31839,157.52
42807,108.99
49777,25.06
6758,190.58
18411,164.49
17365,215.84
20694,170.85
14450,177.18
31060,137.02
30710,194.91
16512,141.55
20728,187.62
30935,173.82
28464,145.81
14556,213.9
46076,202.83
40873,105.12
8141,159.19
46332,125.63
22461,41.03
16181,139.73
41134,209.47
31279,143.27
24121,144.76
2291,175.75
9027,200.42
24447,167.89
12484,222.91
47756,179.8
8133,107.78
24164,188.82
28725,126.83
6982,205.82
20028,123.2
21370,89.1
14775,126.67
6120,191.66
18296,182.98
32156,155.18
23935,36.45
42674,178.18
49291,137.97
39737,37.61
10400,178.61
42997,202.04
21057,225.36
9481,171.23
21123,190.86
25279,176.67
1454,195.05
45747,173.76
48826,147.67
41722,138.05
31070,175.9
27970,167.66
11484,179.55
39760,149.41
21612,153.94
6405,134.85
16378,229.03
23624,174.5
46379,106.19
40414,156.02
39224,187.88
30919,128.53
4616,164.98
9452,160.72
15281,161.93
8539,135.05
19812,208.09
34892,186.88
44102,118.66
28267,179.87
27255,147.83
18470,171.81
2195,135.16
29790,175.49
13877,171.25
30588,92.23
37400,146.17
15278,165.15
14615,134.54
31202,150.61
26753,253.35
47695,151.57
6731,171.16
44201,137.31
9009,153.87
46257,149.98
18311,217.0
34560,161.91
5788,197.26
18863,206.8
45955,176.67
26879,170.84
3278,293.81
31412,232.09
29513,169.83
14890,163.08
31594,190.65
10677,92.12
12672,177.07
32139,181.58
33656,228.31
31655,181.55
19254,200.31
14363,135.8
12185,219.28
32092,149.66
29407,211.73
17013,87.7
46051,148.09
15395,171.49
305,188.48
10884,127.82
25251,215.96
22757,158.25
153,163.31
5863,155.44
32857,173.56
3446,69.98
18674,150.01
16421,181.24
43750,155.3
1419,213.71
4703,149.39
15484,141.22
45565,151.84
5562,130.68
31565,152.98
7375,111.79
21024,133.47
22202,163.11
30611,214.88
27654,234.27
22640,174.08
17803,215.15
13730,189.41
39060,133.2
40752,172.74
20413,155.62
35198,167.51
30273,222.66
7816,164.14
41111,195.44
28082,155.0
10631,222.27
27919,193.92
10418,187.47
42729,189.95
8257,166.88
44678,223.74
8695,196.03
6852,128.33
4727,211.11
3258,216.2
45477,143.83
24986,169.49
46199,162.14
14444,192.24
46267,190.82
37025,105.68
31724,172.53
4833,125.42
9318,140.06
6134,165.8
28816,139.65
4501,160.59
11501,161.03
2943,138.61
12592,163.93
29552,233.71
6873,117.98
7398,139.26
26770,141.39
44437,98.81
39102,210.26
41672,132.88
23404,155.42
37370,102.83
42944,217.82
10982,198.65
5021,176.0
14829,127.93
9827,39.44
38297,172.22
37919,232.48
35351,141.26
11108,173.15
45132,184.26
21422,103.01
19354,114.56
12937,161.98
41334,20.47
2902,170.02
5353,136.02
20583,133.4
3629,178.38
19434,209.53
25949,245.47
43278,159.44
25587,169.79
41676,118.88
9862,128.71
4202,178.33
11824,163.8
15258,173.83
24608,193.8
35943,168.92
38875,159.48
35679,199.25
33750,149.95
6536,194.57
25901,247.58
39109,169.6
42868,161.26
34790,211.46
2241,139.69
30027,163.17
16179,190.07
32057,235.04
40071,177.35
23407,163.25
34355,216.78
16471,152.75
13624,127.82
2238,159.28
22280,165.88
11445,119.03
6903,173.46
45701,166.18
33151,138.47
22776,249.41
25687,201.93
6275,194.23
18462,184.38
21340,139.68
11563,167.1
4204,185.12
47783,203.59
36880,214.04
38917,201.18
18113,178.96
46786,165.96
17475,166.49
12348,166.21
45022,163.64
41648,148.55
30883,214.99
49486,123.22
28580,164.3
45912,179.18
35003,224.2
13006,180.87
14958,124.55
47922,112.6
492,158.7
31121,36.67
20353,154.26
16931,136.55
28899,203.77
40585,126.81
11025,159.41
38290,155.56
43660,152.52
13127,102.81
26264,251.0
32667,115.56
31833,126.28
25661,151.98
35492,158.19
31005,152.82
37092,99.4
18118,167.92
35353,168.7
42154,212.36
7719,154.04
49031,169.36
38701,175.44
19053,25.61
2719,158.96
42984,125.17
7558,109.7
5727,187.57
22013,155.0
12158,140.92
29624,174.46
7871,162.64
49193,286.11
18740,159.07
4365,180.66
47548,134.65
19714,172.93
33036,178.94
42426,164.05
42099,34.68
34720,169.05
35333,208.66
5171,122.07
13603,26.47
792,161.72
30995,149.55
25759,165.71
41295,152.23
14859,180.15
32062,112.01
35057,131.19
12118,162.21
47902,107.51
1286,168.08
16774,161.79
16619,154.58
13298,207.36
27958,171.36
39917,202.16
1044,38.61
27102,90.87
39077,167.82
41678,181.06
29913,184.08
17516,108.71
41444,260.85
15885,136.96
3170,141.14
28639,157.3
36153,140.28
427,135.69
32716,139.42
39431,204.79
44335,199.66
34403,172.23
42189,210.49
20437,174.92
15189,132.98
1191,226.45
3230,37.36
30791,224.94
30249,154.55
26269,154.64
933,131.11
40825,154.94
5357,217.27
33567,134.08
35330,151.66
41541,148.14
30332,186.92
41918,202.7
14769,265.88
4531,134.79
2142,231.56
37332,139.76
21222,164.14
20208,159.48
46468,123.92
45542,109.97
9325,145.54
32989,347.26
41729,167.33
37155,160.24
25714,167.95
20019,151.16
18925,159.64
2559,139.71
20092,129.58
37106,160.52
14169,140.58
11271,148.13
16571,95.8
48308,164.46
21400,111.84
24743,211.39
33637,134.21
6886,147.31
35570,172.51
46905,165.86
40451,202.46
9003,216.12
958,216.32
27073,172.62
2761,144.07
48919,182.23
31010,183.96
6315,149.61
10895,137.45
42968,254.4
370,159.61
39398,120.18
12692,134.04
18474,176.29
34932,157.36
34219,235.86
14533,178.74
47602,60.72
8872,198.43
16942,185.44
46436,225.88
36525,205.06
36207,171.31
29250,187.52
24097,131.76
7887,151.65
46150,126.83
43623,126.14
16426,210.89
21093,149.66
22189,146.69
45538,181.92
5662,147.49
3310,156.18
19149,166.22
3057,161.28
1906,146.7
36957,128.69
4157,205.33
944,226.64
27437,153.41
46778,157.46
38242,148.84
12053,27.03
2295,177.92
6804,154.05
13660,155.48
25024,138.53
45622,163.64
24892,109.22
40377,188.43
44402,21.67
32280,111.99
36412,129.37
44304,126.69
290,160.43
30830,149.22
45552,183.93
9572,134.78
8823,192.04
27478,151.15
45186,199.23
17708,219.41
5117,184.84
29082,196.73
37138,247.04
22479,223.75
11637,140.93
36697,119.7
32688,149.84
23574,154.1
38955,152.24
22969,153.27
27143,159.3
31878,135.38
24552,146.21
40284,135.56
14923,93.37
43231,141.01
39695,177.43
46748,179.47
43768,196.1
26843,149.8
30179,170.58
9581,219.88
28680,226.81
32824,137.96
46876,156.86
38984,176.5
49188,165.55
6082,231.84
38420,128.24
19493,207.92
1128,137.55
27134,175.92
27721,150.02
36053,126.55
46373,161.96
16414,213.92
39880,160.16
30452,164.67
15023,143.09
9236,38.58
9846,199.02
10021,171.35
47257,178.99
4852,177.15
20297,164.8
4094,166.6
38450,199.66
26263,163.59
48310,175.57
6246,158.51
43657,122.83
42309,172.31
1465,173.28
45437,164.75
40349,132.31
24132,128.48
33946,126.09
23639,147.72
18390,128.69
38293,108.11
5287,145.2
10592,311.39
41191,134.25
38838,39.05
19081,169.99
38551,186.21
31541,88.11
42499,157.28
38977,154.63
30672,119.82
43519,162.75
20386,117.91
14866,199.1
37975,176.47
8880,173.7
26745,84.11
32881,193.0
42083,127.35
38488,154.38
46471,107.72
22957,129.63
10408,149.33
38874,33.67
40121,102.38
32682,168.17
28535,196.02
27563,158.16
22266,138.3
8327,153.23
10264,153.17
38999,146.91
14855,142.55
31700,215.2
15487,148.67
18189,103.67
18686,138.89
36875,154.93
19232,227.59
2300,267.37
26384,145.24
39381,124.58
2187,114.69
46634,186.44
13677,151.5
14658,213.15
26933,154.15
22809,151.41
41469,140.72
22748,161.17
29254,140.31
21800,170.16
4661,144.75
6395,203.25
649,172.18
48365,210.18
15312,173.58
1393,127.54
6015,172.43
24637,169.37
13119,171.44
4549,155.43
44161,157.28
13299,211.74
6883,216.55
38573,146.12
13154,192.1
44608,176.23
28975,154.96
42387,231.02
6989,154.95
9124,156.97
6206,154.73
4403,202.77
16797,156.36
6234,118.77
6254,111.31
11913,161.22
2991,174.44
25202,193.84
20077,211.45
6740,158.61
34054,155.83
46608,125.01
49295,241.14
5263,228.24
38019,164.86
36691,123.47
26472,170.53
9265,164.96
17535,214.28
29470,148.48
33517,182.51
39998,131.35
10566,123.77
17816,91.86
22825,132.58
19870,100.45
26086,162.5
25116,183.41
33597,162.47
24412,147.31
25529,176.03
10553,206.07
1443,166.8
45178,168.81
49015,351.86
19659,151.96
26004,176.92
44577,35.58
37649,175.44
47241,108.64
11078,123.6
9794,221.1
21125,131.69
13586,118.05
30750,146.02
48933,154.27
36191,126.38
25807,76.48
8762,177.96
41819,122.26
5439,166.98
10230,135.42
44193,131.72
7463,176.12
23382,200.76
42103,162.45
32792,177.6
912,160.92
2773,160.84
36533,166.7
2352,177.63
23049,184.03
35579,151.05
28300,165.64
49929,165.12
27825,108.73
3943,151.35
10080,110.17
30167,200.79
12039,139.18
2596,129.94
17705,135.89
2443,259.15
1296,173.86
34822,140.69
2650,204.84
1808,188.15
23936,167.05
2862,164.07
11169,108.74
12994,168.38
8898,184.38
9312,140.97
30399,167.45
31023,259.06
32133,158.85
1749,161.54
48916,139.12
18981,148.0
18938,165.88
9655,128.0
28147,172.78
20945,162.36
4564,189.43
15260,24.19
4620,173.62
8154,223.8
7812,114.88
9271,150.6
12866,145.6
2159,243.84
48337,139.89
19228,163.97
49308,211.45
32249,160.97
14336,162.56
47573,174.26
12751,200.86
34668,163.37
31440,141.83
16467,165.09
12297,123.41
7063,165.61
28495,148.55
11922,154.8
8569,147.75
3270,150.7
22467,176.74
49642,173.06
8403,173.1
12482,167.26
10147,212.12
5862,156.16
37203,159.4
34799,166.94
7937,185.67
41967,145.07
10379,118.83
13178,182.73
19365,155.96
12733,154.92
15218,156.51
26983,176.01
20451,110.36
33353,182.41
22879,162.96
21713,177.93
32383,138.0
32322,143.52
35903,170.01
5905,160.26
42165,134.85
33202,144.02
26453,161.21
38925,110.31
14322,170.45
48607,260.55
39512,145.82
8933,168.33
6464,166.72
12373,165.37
28114,138.7
31742,186.85
16936,124.02
25000,159.83
26530,101.65
41235,159.97
16729,154.13
20550,162.54
34710,127.97
18174,162.34
11120,154.08
17645,112.56
48334,127.99
26940,156.85
15506,159.08
12408,109.05
15521,65.17
25341,142.45
3127,115.66
19490,88.13
35568,96.13
45032,162.44
30388,167.79
27866,165.34
16101,213.24
36782,157.63
30513,166.88
15573,206.77
45357,167.39
10584,202.3
8843,140.65
11381,141.76
17881,179.94
4521,188.66
35374,137.76
16055,151.75
35706,169.39
21403,170.55
11336,142.42
36198,162.39
1290,221.19
11427,170.08
39991,207.7
3936,160.52
45618,168.4
42346,173.49
37521,166.16
21073,128.52
48685,114.55
1452,153.58
1502,191.87
42279,158.4
35533,170.93
42306,175.59
2636,193.82
31112,179.29
37914,252.72
44288,165.16
43930,139.1
47509,175.28
45359,161.25
45670,199.85
13452,125.49
25951,157.0
19578,184.51
48565,181.71
31015,196.34
40491,186.8
27755,179.34
41667,164.4
20686,214.47
40508,160.39
42385,132.79
37755,150.59
14294,111.51
27403,174.07
16876,110.12
48254,166.36
5176,174.6
3316,180.26
46336,209.91
8414,192.27
11197,144.9
21413,152.43
13658,102.78
2232,185.29
4467,169.33
49107,150.63
18593,142.2
3704,202.89
11101,189.07
26595,126.38
30491,153.6
47847,174.44
44175,152.98
1885,133.33
458,36.21
32349,213.02
20833,193.21
16621,221.35
589,214.25
42771,165.22
16180,140.46
22877,117.22
30705,166.74
6099,161.99
45926,171.92
1345,189.58
469,144.1
47124,118.63
49008,173.06
43702,188.15
12354,125.67
6302,186.25
44276,102.45
15667,123.29
16299,134.69
20586,138.61
3290,165.36
42104,176.98
4402,187.84
10124,153.95
27228,100.65
13400,244.62
15698,150.35
19677,191.16
10391,171.89
16267,149.16
2827,55.84
20575,226.01
8375,209.44
27513,187.08
40581,141.41
30659,193.72
29872,181.19
16324,228.35
35543,151.21
24902,155.28
2994,191.84
48981,156.18
11575,181.21
2089,152.36
26153,145.67
27736,88.6
29095,203.31
23838,129.63
35980,170.05
22918,188.93
26464,249.21
29357,168.29
12946,151.62
9114,150.69
23826,149.82
20187,123.6
36620,159.42
10762,196.05
12947,90.0
49638,148.34
29286,223.3
25337,169.28
3548,166.29
10649,216.95
27219,161.29
20832,130.45
29280,135.61
21667,185.27
33798,136.98
13540,124.43
24197,128.16
20756,172.46
13316,183.78
11807,162.02
21168,204.37
32802,138.14
20293,160.31
36205,203.56
10610,145.55
12784,189.85
15567,137.88
36996,166.69
24502,167.05
27952,220.86
12125,125.68
16887,148.68
13498,149.69
4011,202.14
15806,134.15
7497,153.34
41525,187.71
15481,104.73
45669,173.33
1993,186.53
40969,147.87
9098,107.58
27848,184.32
21128,118.22
19683,147.86
26056,142.0
18522,109.42
5580,179.97
45819,164.31
8892,149.97
30236,131.39
8250,232.62
21838,144.34
34010,100.73
28125,372.06
1424,195.75
437,210.95
13085,264.86
45222,193.09
33979,179.25
37189,164.23
31525,142.05
14340,161.44
41222,153.49
7239,114.45
44197,183.88
20913,191.49
23965,188.97
34114,116.6
43169,154.38
43762,231.7
43061,141.08
5643,150.91
2744,138.75
7248,171.45
26375,172.26
26127,139.8
24348,106.61
32556,168.55
30910,159.25
31676,134.59
22238,205.63
1566,146.12
16182,129.74
12230,182.11
49330,140.92
42008,114.08
18849,139.4
21195,120.59
3773,197.97
5854,144.03
11542,150.19
35463,218.85
26679,163.69
33421,170.91
30410,176.56
11813,194.22
45920,124.66
7726,281.1
21334,268.3
31592,177.64
49065,148.37
37566,193.67
22903,150.13
48302,233.29
15518,131.67
48000,153.46
30607,197.89
13977,119.11
29924,158.72
26788,141.99
43810,188.18
18193,151.98
37485,202.37
5130,191.51
47289,187.91
32351,169.2
38062,125.04
18556,174.05
3243,111.93
41268,181.71
29682,156.03
49870,149.9
45871,131.08
5145,129.97
31333,231.67
23797,191.35
980,195.0
28746,174.39
37010,195.88
11916,149.55
46559,154.08
43681,181.2
6283,162.45
15972,135.81
29450,151.33
18454,162.69
41300,204.31
5673,185.06
9977,166.82
29215,199.45
11620,157.72
7587,225.24
20346,210.44
47401,143.8
45692,175.57
31058,174.46
45527,156.61
11263,133.12
21490,137.85
16080,167.1
20987,153.84
32109,193.7
28190,157.97
12001,116.74
18286,146.25
3075,185.68
1079,165.14
10500,136.03
17371,152.21
48767,167.56
5666,115.46
2990,162.44
28736,169.69
45555,165.69
12488,187.63
2815,44.87
7517,174.5
18680,140.21
17955,218.06
962,153.69
30929,215.9
1792,138.0
48391,133.65
4394,144.83
22824,261.59
40144,196.5
24016,119.87
25805,156.03
5750,163.3
35438,167.77
25375,217.67
11548,132.42
32997,189.62
39909,214.04
18315,149.45
49926,163.5
4263,178.43
46757,130.37
1801,132.24
18520,155.98
35825,147.14
40152,175.03
22329,34.0
49240,218.96
33674,191.01
32274,169.21
34146,188.19
9234,137.68
44245,149.14
29240,158.96
17203,230.39
42409,196.26
46841,170.68
40111,157.26
48483,143.72
38855,205.01
6943,175.74
35048,173.84
29508,150.28
33985,154.19
47734,144.24
5326,160.11
29599,131.9
43516,166.0
15833,144.11
37693,124.11
26860,126.25
28568,215.1
25080,142.27
18708,128.93
15201,132.7
5858,209.48
39088,203.82
30894,141.86
45279,167.0
16399,153.82
13654,207.98
13749,150.38
23966,160.89
45553,211.33
30220,139.89
24080,147.45
12182,155.51
21849,126.7
14291,170.28
24756,136.89
35014,155.48
15362,104.55
48039,197.35
36312,141.98
30240,206.93
7196,152.53
3580,162.57
36148,177.12
34096,176.09
10442,197.24
16308,168.98
4205,431.26
6958,238.26
9164,150.89
20628,147.2
17568,171.08
14833,173.78
27030,183.84
44198,161.94
2,161.15
35450,130.48
30904,129.14
7649,179.72
4218,203.8
10475,148.62
1186,191.56
46702,143.88
26827,162.67
12091,68.3
5387,145.35
17352,146.05
18845,206.94
28817,100.59
43053,172.82
11348,183.87
42803,183.06
3980,158.08
7091,115.35
21600,120.34
34265,209.77
17931,176.3
41959,186.93
25485,157.45
21028,175.47
29094,157.03
24609,172.71
44988,189.66
24543,41.0
24879,159.25
18529,113.82
40248,182.46
7105,151.86
11490,163.68
16073,145.75
4057,176.5
42724,184.99
24038,152.04
7192,119.32
35651,110.54
939,128.12
19425,135.32
18116,186.54
31660,212.4
1073,185.88
43348,172.22
35157,182.47
30666,165.1
44883,102.83
40154,161.44
42524,166.44
16064,164.78
34409,223.74
13656,135.47
45251,131.3
28136,229.43
17268,161.75
29672,164.15
28773,181.92
91,154.93
44128,172.07
26460,133.62
49623,183.09
41141,155.89
11417,162.2
35989,201.75
499,252.02
22365,149.99
35937,141.92
28244,209.79
37230,169.21
15911,316.37
20851,739.01
46506,176.54
29292,154.32
30502,143.18
5146,216.94
36138,137.6
27391,191.02
7488,153.77
33924,159.89
24787,137.06
12489,108.2
27744,127.89
12957,183.92
21464,167.89
6494,129.91
29116,184.41
47311,235.5
37859,154.64
31566,95.28
41202,214.38
28827,119.42
4646,175.34
27092,165.97
25640,152.45
31245,162.84
48650,165.23
5758,162.69
41436,112.41
28801,168.68
19883,165.7
6141,215.63
6913,107.24
10521,139.03
11533,118.67
48957,236.54
40407,143.18
20590,132.22
46433,156.45
7362,146.4
20073,185.63
1458,135.88
5202,157.64
42217,173.04
14512,136.74
36416,137.64
45531,155.0
32441,142.92
29017,151.65
1797,180.25
21750,162.15
46578,170.32
3019,167.16
33437,172.88
13372,166.75
15648,109.05
19259,128.21
17433,96.99
21369,168.75
32828,112.47
12213,160.02
6704,188.59
35537,193.52
44951,148.52
15031,165.26
2646,148.57
21795,182.07
15781,212.02
187,158.8
43431,168.2
8107,149.72
2167,173.91
6317,151.43
32535,185.37
11399,149.34
13131,200.41
49385,191.35
30283,175.9
24129,91.3
45629,231.81
49153,187.71
27558,169.01
4933,146.62
281,185.81
20967,135.05
20095,182.24
28566,159.9
39719,40.16
11098,159.73
29138,154.35
39068,128.47
28487,184.32
3724,171.4
24960,89.7
33351,149.69
30776,198.62
3282,159.35
44438,187.78
10492,60.67
12540,180.81
7733,152.1
43646,181.44
31387,160.77
9702,126.42
25422,140.08
16949,153.53
6320,116.13
10119,252.57
17817,153.24
2846,145.46
20871,220.73
15542,173.75
41230,150.71
3579,199.46
30924,127.34
38041,196.16
14024,111.17
41881,203.11
29881,158.42
683,232.76
25619,168.64
4231,143.31
5936,160.52
30234,100.3
12900,179.65
16285,183.11
5002,160.56
2924,164.44
21241,119.5
18095,170.02
49719,170.08
2692,161.83
7828,147.43
4812,251.02
36511,120.96
3447,169.29
28347,164.07
41779,109.96
8157,173.6
18766,244.03
17474,154.81
27184,237.63
39560,188.62
44925,183.15
44415,143.06
48324,133.75
28782,175.22
44440,234.44
44114,176.55
48930,142.91
1232,206.31
7752,115.25
109,176.58
40331,199.42
22515,148.99
14147,169.95
16840,167.66
48570,154.28
3530,150.08
3111,165.93
23598,37.24
19754,177.33
23130,168.41
45216,81.08
24900,107.61
38978,202.61
35828,165.53
48853,153.92
33473,192.49
37984,145.12
12499,153.64
37633,194.2
1397,168.14
12359,155.81
44375,158.58
47997,175.68
18422,155.51
15558,163.82
3142,189.38
49219,110.2
49183,108.37
46546,164.91
16865,130.57
7337,171.32
25146,137.0
34438,156.9
4290,179.58
38066,164.4
6664,110.59
36963,134.93
36711,152.03
17737,154.73
3203,188.05
45848,196.82
46889,138.64
41454,155.85
28056,172.01
36872,132.26
30376,134.47
8289,142.73
33598,150.67
17835,155.42
35233,162.15
2324,231.33
34823,125.87
31489,157.33
38009,298.86
36664,181.59
39036,115.7
37973,145.99
24736,150.66
6754,184.4
8481,151.96
10422,138.4
42518,194.2
19909,162.04
16171,169.43
46874,197.53
15382,124.54
42218,151.34
42371,143.63
24857,126.05
26700,211.28
35398,108.46
34128,152.56
4547,197.81
43237,243.87
33282,165.26
43744,175.06
6150,144.14
10689,147.42
42708,169.33
44466,166.07
38933,96.58
8633,140.18
49280,247.25
19335,117.63
34665,247.99
13048,239.68
17596,153.89
24014,145.52
33193,211.58
39496,159.79
42393,35.96
27206,131.24
19328,207.75
1324,164.31
17083,160.55
34622,191.68
29781,153.45
41953,115.95
24596,136.02
10352,222.84
14077,137.89
609,178.28
49584,164.38
41119,150.79
15259,157.88
41763,118.21
16791,186.24
32311,166.26
30071,151.81
37430,152.26
17920,164.03
49006,181.95
384,120.98
15332,163.01
39310,191.85
22849,156.56
12782,95.85
14525,139.75
29006,180.5
24640,146.02
13833,109.85
42400,120.02
476,139.53
36801,161.31
18373,93.95
24107,198.28
26759,88.78
1468,202.7
46224,291.42
6725,40.81
14019,169.46
14020,146.59
37665,170.54
17463,180.7
34019,165.35
8123,155.92
14401,199.75
7601,114.78
36898,171.92
44430,171.53
47766,211.22
3304,125.35
6343,182.9
23557,125.73
15465,106.34
924,190.22
20459,156.36
3602,161.46
39665,179.94
3876,124.62
6869,167.11
7029,119.98
34520,165.21
4347,215.33
42203,167.06
20904,157.17
41873,172.04
8542,134.65
6007,210.11
15405,167.7
23729,165.7
39783,33.37
11403,122.02
40076,199.42
30390,153.55
2626,241.09
40572,127.93
16719,168.33
39071,130.0
14882,143.42
24627,167.19
45887,221.92
39563,142.13
39571,159.23
22176,183.19
14665,135.68
20736,141.83
18939,219.69
33114,120.7
41688,159.64
47225,160.43
18350,187.57
32615,173.24
41824,140.27
5785,174.23
47762,153.29
43475,173.36
27997,212.42
7990,198.88
24047,164.87
37659,111.09
2358,139.76
48587,141.91
49351,203.88
1399,134.97
30360,140.08
15275,169.22
43314,169.66
13502,120.63
9280,157.67
38055,184.21
35521,220.69
41308,130.87
48423,254.75
38629,174.74
37468,175.61
16901,167.04
18440,127.53
40812,199.32
471,228.44
17019,161.77
33442,168.21
9039,174.56
32851,181.84
42368,156.02
42220,132.4
14972,108.14
45350,137.41
7970,136.89
39258,185.43
46279,168.54
46593,189.38
31455,165.08
22418,146.55
13927,154.62
37402,168.51
43738,198.31
30780,143.6
3644,169.25
9725,190.48
33615,169.18
27845,168.71
34915,113.7
8502,196.41
9393,140.8
3249,189.85
8914,165.73
10428,128.88
27039,140.79
25238,188.67
25928,166.57
38179,158.73
17181,102.06
10073,107.99
32149,146.47
33137,158.2
41097,175.69
11633,167.85
18045,143.12
182,174.78
9207,147.18
13661,183.9
49199,154.65
23924,173.59
14767,161.99
1144,160.79
29226,128.46
19486,149.12
44867,191.13
37959,121.39
20022,206.7
38220,198.18
40064,149.87
46918,129.71
24698,176.7
13646,152.23
37894,162.69
30389,172.99
1009,128.71
33453,105.52
37176,190.9
24363,167.6
16065,105.96
8148,174.11
48372,143.78
18822,185.72
40310,152.98
25099,187.59
10309,153.68
41326,199.34
23588,137.0
13444,170.63
46796,127.6
35824,135.57
45303,164.64
20668,126.69
35111,145.26
33505,123.13
37965,184.49
12737,189.29
10609,126.05
21454,157.4
4286,149.23
37496,139.61
41500,156.92
37441,164.66
33208,131.55
1624,178.45
38431,201.22
43779,129.23
8135,191.05
29538,142.11
9738,217.18
17211,115.05
7610,142.55
20624,203.4
31348,129.21
16468,180.98
25418,104.64
26560,148.51
2878,84.33
24434,141.61
43715,179.6
44229,180.24
34576,176.75
40895,150.36
6111,139.12
30072,163.63
4920,139.7
23603,163.34
38567,194.23
38520,180.05
43736,194.33
41049,132.45
10179,142.42
47492,165.83
35020,194.64
3705,142.68
26849,140.08
49627,175.17
22255,168.3
12839,193.68
39270,207.31
31342,174.75
33037,147.82
31228,120.71
2260,180.64
1336,163.62
44091,168.18
12574,304.33
9233,209.03
13421,194.31
26638,168.33
47828,134.89
27523,150.37
2454,117.44
14000,119.15
22599,127.99
42517,123.33
34072,176.45
47040,172.72
37895,189.15
18327,152.18
35566,184.41
18597,152.09
44019,154.72
28853,167.85
5039,191.44
28823,128.45
23788,92.96
46906,206.42
29224,138.56
33532,138.07
19410,146.88
36194,207.53
44586,234.88
29687,124.62
4401,206.19
29561,167.33
42633,141.95
15999,175.83
25920,160.39
38097,165.05
8673,195.31
36700,206.1
46167,122.6
40052,173.22
28632,121.12
3834,161.54
22020,215.28
49428,143.48
10060,180.64
36530,164.46
18833,159.72
47780,194.85
38747,203.13
35244,118.61
35418,231.76
27946,154.38
30292,147.6
1285,144.61
15533,149.21
46284,105.63
26892,141.55
36067,144.52
11948,153.13
18651,98.45
45148,199.09
1024,228.29
17542,119.94
34367,153.98
32623,167.5
34337,141.71
7276,123.9
23983,122.06
44486,234.97
20808,156.03
38768,194.03
46142,227.09
26626,218.55
42068,156.19
6198,187.21
48228,216.48
26508,108.96
15084,146.64
10891,129.69
43641,155.6
4161,176.32
19470,167.41
32271,117.67
37559,124.5
40989,147.87
18143,124.89
45203,165.11
2634,157.87
26125,127.44
32214,163.2
34406,154.58
9138,154.34
31373,113.76
11901,208.88
4179,110.35
44059,176.57
20925,131.39
32987,146.3
551,214.39
43000,144.22
41262,164.68
45855,147.2
39404,189.59
47794,124.4
11464,108.38
37093,140.72
20296,176.77
34464,163.51
28812,149.08
29384,178.44
13425,186.17
4950,142.22
18731,237.18
3317,115.68
31665,229.39
37318,126.43
21580,158.2
25923,189.95
41242,153.6
13463,104.06
48502,29.07
43224,154.53
47156,219.53
29353,215.51
6238,199.15
31909,163.11
13465,46.97
3525,165.54
40672,104.82
11154,113.44
48287,214.03
44602,181.56
24589,235.91
42053,182.99
30095,225.1
29958,224.22
41219,112.89
10344,179.84
41794,174.01
41583,28.99
10843,134.3
43607,165.67
3720,201.82
6356,205.44
6522,192.11
9289,147.72
45562,171.66
33316,124.06
18399,151.24
2285,160.84
49852,125.78
34997,168.78
40966,120.55
3504,161.63
12713,114.42
49875,160.53
28797,177.01
35542,141.37
31610,200.56
24140,179.44
41457,129.23
27573,162.25
26181,203.5
10253,147.44
44409,150.02
19887,206.65
34706,136.23
32332,190.25
3288,149.29
8662,119.17
5395,188.04
31014,158.81
10830,171.17
4160,142.0
1241,144.92
38050,196.34
268,164.2
46234,162.65
23455,153.72
30682,161.24
48636,205.42
8092,166.7
36131,120.14
12010,139.8
39992,107.7
36671,156.06
7612,222.56
15216,186.55
19491,125.8
6544,185.36
18398,164.7
33260,151.62
6861,732.3
39946,172.89
43871,151.81
21246,175.13
18912,190.43
21481,173.14
27502,188.87
10251,169.33
37319,127.85
31295,153.01
48038,113.66
25274,106.21
38944,181.08
14066,695.65
18552,220.0
29206,161.37
40794,157.32
24096,147.38
9399,121.27
45520,125.36
39784,203.77
36307,187.01
20249,179.78
39967,179.82
46350,161.93
42239,114.59
20880,159.15
9563,119.95
41721,202.1
7081,156.31
15872,90.37
12336,93.24
32617,143.82
36110,222.08
26611,152.52
25045,224.44
11668,152.48
29519,183.98
4030,183.48
16270,150.17
26760,191.77
17724,151.62
48743,186.32
11000,161.47
36775,189.6
42056,134.31
39222,171.13
49414,147.53
17296,189.46
33671,155.49
31738,140.43
16425,175.18
36727,169.68
19461,148.53
49782,120.86
39932,166.44
15364,154.29
10952,89.27
46803,164.98
20605,215.35
21105,109.48
25014,123.82
2150,181.66
16667,194.25
33566,122.32
35159,190.34
17225,131.72
34752,32.75
2375,216.71
29067,212.82
43248,151.41
17727,153.16
2098,165.82
34436,102.59
24865,149.94
45118,127.42
15976,165.68
10038,94.27
4765,177.91
1411,151.24
20178,156.43
19059,146.45
34221,157.23
10008,192.87
16367,212.7
13512,160.57
10803,153.92
45253,110.78
227,135.62
32661,146.19
46344,112.89
14037,165.0
5129,148.18
10338,231.44
49910,149.93
21883,145.07
27164,150.93
48437,154.46
8629,131.41
12897,179.27
2950,188.82
1175,138.52
7902,174.62
23981,137.86
44827,172.97
44162,227.54
20483,223.45
2892,181.92
37875,148.91
12034,153.91
47585,146.15
29654,160.14
24622,156.59
32011,166.61
34473,156.55
35165,169.07
49631,224.33
32259,188.41
18897,126.62
21540,46.12
21442,101.56
37710,91.97
48762,154.57
48210,157.94
19046,161.39
43553,225.84
42200,149.1
17952,163.78
6552,200.84
35403,96.29
47105,175.27
49363,127.06
41732,151.11
1699,157.88
19445,144.51
27272,154.61
5550,180.85
26613,38.69
7657,225.03
47785,168.91
49329,134.41
11488,165.65
25589,177.06
48719,177.93
34151,124.87
42156,143.51
35163,176.42
47372,170.98
20555,137.92
12803,180.9
34280,163.1
44374,148.18
25250,180.32
31639,148.15
32305,130.63
27309,132.56
6037,208.84
24442,212.77
1498,133.65
39194,143.56
11822,227.5
27174,95.52
16157,142.91
18963,99.92
25570,179.27
3283,140.33
31628,135.46
39056,123.08
30507,145.92
32128,162.11
19409,162.1
29186,184.99
12371,193.42
38771,144.6
751,155.99
41600,97.21
20517,88.79
28327,165.07
19111,158.22
11298,180.95
39634,122.69
24574,136.29
312,164.12
21909,208.5
19588,96.87
29745,221.8
4666,150.56
35751,122.53
39148,158.43
22129,224.62
1697,160.46
7417,111.1
12641,127.89
6866,206.55
28386,177.54
19650,177.38
5054,225.97
49770,184.32
23636,110.76
33250,133.26
7600,117.18
43393,150.82
43457,194.65
37408,166.43
41025,157.73
47279,123.92
48264,134.22
11073,146.25
12170,27.26
39202,165.67
8305,170.82
48482,157.92
47650,168.87
2490,209.17
22071,160.21
45537,40.92
15182,165.65
4594,141.01
47826,177.78
14400,185.77
31834,148.08
1327,135.55
28887,131.77
5757,217.56
34206,157.85
36154,223.24
20724,134.49
36995,137.87
3351,195.05
25394,136.69
49489,161.1
20025,207.53
49726,142.16
439,157.31
24877,134.83
6741,165.65
15254,110.12
29978,156.24
5685,150.28
42439,165.92
46101,160.88
1189,216.54
9995,163.29
44371,174.63
31232,155.8
41573,131.85
41160,180.0
33062,128.63
43389,161.02
33377,131.04
6650,162.1
46928,201.41
25933,95.1
47240,123.92
21570,186.79
33866,175.97
7982,111.01
9596,159.66
44736,190.44
27133,234.65
47508,179.11
774,132.4
46077,168.84
3395,167.34
25870,123.83
45168,142.33
21566,157.4
32117,218.74
38370,171.3
21116,251.03
32565,137.26
10710,165.97
40749,153.79
25916,174.57
11593,121.84
23816,151.13
28598,160.43
15508,142.33
28892,159.54
11297,222.75
5810,117.45
22793,148.83
47774,130.71
31788,163.57
22015,159.62
49484,188.84
48675,176.31
29708,174.18
6223,187.33
43298,211.25
44000,190.74
18648,114.73
1427,135.16
8102,197.7
41477,207.48
2755,141.09
2618,163.27
10881,227.74
12816,200.56
32766,146.97
17896,199.51
36938,175.59
47655,144.51
37620,147.59
1764,205.98
26654,171.58
28645,175.88
1657,206.01
8203,166.63
2278,161.08
49717,174.73
11248,156.05
43729,116.71
23390,147.4
37129,150.35
7748,195.87
4560,187.95
23644,165.86
47264,158.39
33219,142.0
897,167.71
37605,209.88
16531,154.68
2928,163.7
47994,136.72
16592,212.33
43379,171.0
6562,156.06
35923,156.42
10244,150.36
42537,159.19
39549,176.05
15727,147.24
32177,211.54
33311,166.82
49118,148.42
6402,147.14
39705,121.19
41028,122.67
33139,143.34
44170,183.54
28220,181.25
37112,136.24
21397,148.81
40127,163.78
34454,148.91
24057,208.77
18779,149.77
26006,146.97
36029,158.85
31124,171.43
4680,170.38
5772,112.26
22910,152.47
38536,159.95
42408,164.52
32919,145.72
181,153.39
47906,210.61
21582,170.71
15939,180.25
20680,33.71
10036,160.63
10424,216.48
46451,166.16
8091,112.84
11752,163.56
35101,185.5
21668,151.42
22096,133.2
15613,178.17
14,160.96
4252,172.79
8495,142.98
3675,187.78
8722,237.3
13557,152.46
37677,126.57
7672,134.72
29354,215.78
17081,148.58
18742,139.54
21122,211.9
40856,109.81
40949,138.99
47825,176.58
4497,146.85
47471,205.25
5461,147.02
11790,95.71
33241,193.24
11743,186.41
13553,214.79
23519,354.03
13054,184.13
13815,165.49
30270,208.03
38470,196.7
10078,124.29
23459,101.07
23069,147.0
30638,156.59
24018,150.89
38434,118.61
38821,129.78
1214,170.53
19212,170.55
10330,231.44
12791,243.96
29689,129.03
33870,155.83
3684,186.44
30902,115.88
10238,140.42
37471,157.29
15663,165.57
19167,153.82
11551,169.29
10288,167.06
36475,244.32
31201,129.36
39960,212.6
3915,187.24
26612,187.58
33232,138.03
40142,179.74
17004,148.58
41832,164.84
14046,198.45
47193,225.62
23211,170.78
41783,153.0
48879,155.72
39267,162.25
32125,230.44
44795,111.88
44892,161.51
44998,168.43
45400,133.75
45147,157.36
44337,169.84
25550,194.25
22205,147.27
24568,163.08
39155,129.18
48671,158.88
18389,224.55
32524,155.65
11226,38.28
7021,161.96
40072,170.39
3443,197.34
632,151.68
26318,201.4
49899,154.43
37248,175.52
20195,125.22
27569,149.72
601,157.15
38877,180.8
47885,46.04
9546,235.85
26013,178.6
17234,156.34
44512,142.59
39582,120.29
7946,179.45
45504,122.16
24353,109.43
25894,118.05
20038,182.89
17713,116.09
18181,149.93
31858,118.05
4220,179.4
33198,145.51
920,184.5
15527,133.69
12349,149.17
8855,183.24
18999,140.9
9427,152.36
8944,128.07
32236,152.17
35582,161.98
39118,143.05
27629,218.63
39361,169.43
905,197.88
17412,192.34
32072,156.37
26434,162.86
42025,178.74
8958,195.98
29132,248.0
44497,159.04
10539,134.8
31184,131.76
3319,190.37
34639,155.57
158,148.3
46259,109.29
4326,159.5
18624,175.04
26952,226.5
5074,128.98
597,191.89
33832,137.67
8340,151.23
22082,174.8
23884,127.18
5435,194.23
27647,103.76
37437,147.75
16469,136.78
12924,223.91
48135,150.6
10545,168.28
1479,153.88
47980,154.49
22307,172.03
32498,155.42
10114,157.9
12681,109.43
7708,155.57
33180,171.42
22198,239.91
309,154.64
39879,182.74
472,128.46
41683,170.8
18336,162.87
13361,138.32
42884,222.4
16615,208.2
45199,157.47
24479,170.76
9241,132.07
30460,148.37
37831,160.49
13481,170.6
41063,207.45
15279,200.02
5083,127.31
17688,158.93
36543,152.28
38417,135.21
9566,152.16
9688,229.53
20259,197.79
12234,103.87
28537,177.61
1271,132.85
42366,153.18
32419,135.17
16225,180.92
46620,38.41
14199,152.3
9807,143.78
15743,168.37
48599,160.19
18057,178.93
1340,137.55
48284,148.59
23932,137.0
27139,180.71
16420,104.13
49258,166.47
32897,228.62
14789,192.76
19261,155.47
8621,159.39
23541,146.69
31887,154.06
38391,203.31
40082,166.12
37833,181.4
5402,194.94
47221,224.28
97,148.08
37193,96.04
18005,157.98
24629,227.9
4914,251.47
5629,122.22
49793,149.85
43120,129.96
24056,171.82
45534,208.65
14523,169.99
49289,105.3
1772,141.57
34597,162.0
42946,161.45
47435,176.57
34001,157.92
26657,165.15
3350,172.54
42086,180.28
29089,237.73
14051,186.88
37989,150.44
21583,143.21
48647,149.26
43245,131.39
24483,226.43
14010,163.73
1492,170.73
18806,150.37
49505,191.7
3114,136.0
36709,140.45
12180,135.55
27167,175.33
15233,173.84
12104,183.52
49419,124.1
32469,182.17
29914,169.73
6667,141.11
42852,160.62
15598,122.08
44359,106.38
27596,203.31
12224,189.33
39736,164.44
3836,153.13
38241,180.91
23847,169.08
286,134.06
17042,160.26
18576,202.76
25637,208.43
33393,186.7
19661,182.55
17006,218.85
448,150.91
4292,196.7
17892,149.33
34152,156.07
20603,227.19
28166,143.04
8247,172.62
18249,174.24
15383,200.97
45528,219.44
27674,175.57
10399,227.84
44068,151.12
44939,180.93
21081,132.61
16708,102.75
40189,132.25
34196,164.73
36796,157.27
39053,177.99
4738,172.2
39399,171.48
30728,223.35
7050,172.26
27976,164.12
35944,98.24
205,166.35
30488,157.35
18452,140.21
20732,99.79
31344,176.5
9982,160.62
10278,209.27
1563,159.29
41850,166.04
33629,227.46
25796,203.78
20647,203.42
21702,141.75
38697,189.19
1969,168.38
35757,126.65
7351,140.59
34689,164.16
24769,151.63
8411,215.07
30428,165.39
11188,103.58
38022,165.04
14764,181.51
38685,211.41
21817,152.38
47821,120.28
14355,146.57
14201,200.01
6043,122.64
42324,183.89
21975,109.3
3923,183.45
44567,127.0
25881,143.42
22337,180.97
30358,208.67
17186,184.8
33695,157.19
4150,184.98
32847,166.79
21938,152.83
87,147.49
37414,148.33
35888,171.43
5274,222.15
9634,61.88
41869,161.79
23836,106.6
21708,94.43
20357,127.43
45041,148.36
16658,228.42
14609,192.73
33081,121.29
25264,140.5
45467,210.72
34212,145.21
32489,145.95
6691,149.23
49133,156.16
27801,214.47
2716,170.41
11310,161.99
44045,97.16
42980,148.68
32068,144.78
46813,123.3
23934,185.55
32741,156.79
26978,215.77
37483,239.43
39924,172.39
15539,159.91
41364,163.03
11835,138.89
44917,181.97
15485,147.89
41470,145.63
15761,153.48
15029,164.7
465,151.49
9088,150.52
3623,197.72
24489,213.98
22137,153.51
17934,112.96
47569,160.54
41671,165.77
20032,165.04
25457,172.12
9573,166.73
24583,109.56
23999,203.55
8766,154.62
44855,123.87
3201,166.0
37523,147.58
40915,154.4
5015,228.43
21455,151.27
30589,150.43
39631,169.64
30168,152.44
26523,218.96
26648,168.49
46516,187.79
33581,184.43
44085,116.51
46842,129.57
39104,123.3
37781,225.97
9173,203.02
29774,135.55
28712,224.9
47437,173.42
28451,155.39
32389,151.98
31852,163.31
26783,183.58
19829,208.19
12249,185.79
42348,172.73
6119,191.96
49747,125.99
47954,167.37
28388,170.26
3877,165.48
48291,111.56
24386,153.4
1304,170.59
46523,201.87
40058,128.94
46628,174.41
2651,205.9
47760,128.9
25829,167.87
6687,164.8
40626,209.3
6347,161.66
33024,163.61
47140,205.82
27640,183.76
3442,182.01
40080,146.21
33531,140.61
27838,143.81
14982,166.15
35320,197.37
45388,157.32
24058,177.43
17905,161.27
30408,211.66
2134,186.63
13759,124.42
10334,124.83
14858,179.35
5118,159.06
41437,216.72
41795,201.41
18154,149.17
29422,97.66
4991,175.26
6147,177.91
18192,138.04
15552,129.7
28916,152.0
31197,164.09
32812,208.48
39172,35.04
42305,122.63
20231,176.32
29463,156.52
2259,143.88
15126,168.08
33361,166.52
48555,140.24
4421,231.22
25770,107.24
48050,115.44
28236,41.38
31702,213.72
20973,167.6
48976,147.78
18667,162.76
2053,169.72
45322,118.73
15094,128.79
264,184.1
26928,163.64
45067,180.05
46859,141.54
28666,164.13
12793,154.12
21290,122.17
1195,173.2
45405,165.47
49644,151.56
3178,143.47
34279,173.6
26101,110.4
13005,156.82
1818,154.64
37114,211.28
38943,140.9
19317,96.13
24309,112.51
8903,142.2
33992,157.25
40519,169.64
38024,189.32
15166,147.53
31551,173.71
38950,179.1
18368,140.94
44514,182.39
15846,127.21
34205,169.33
38439,208.75
18139,111.14
3887,131.06
25649,270.12
495,178.07
41256,166.04
44571,184.62
44747,107.88
44498,166.59
46972,205.8
34539,147.45
36471,170.19
1275,155.54
20431,141.12
46256,210.29
11987,134.62
38767,175.37
42237,133.89
21274,194.57
26104,169.71
45570,164.56
42100,110.81
23975,199.8
4440,154.78
28112,173.64
41762,211.57
7909,114.55
25027,172.64
8269,155.23
811,40.11
41544,178.7
9295,126.9
2309,134.24
30994,189.61
10782,39.44
26902,111.93
19274,190.01
5219,141.83
10647,282.44
518,232.22
5796,205.11
24721,162.99
30854,175.05
6483,109.62
11119,160.58
14096,154.75
24871,151.27
24077,190.66
14091,139.85
14312,261.78
34188,168.09
5389,160.16
48153,231.03
48967,189.91
17497,171.67
2899,175.71
10611,121.92
46774,180.88
30938,156.92
38031,163.94
14873,139.15
27347,160.39
35750,156.3
48745,183.86
40660,154.07
3616,142.91
28820,198.92
27373,177.54
35672,175.09
42401,122.55
44215,154.78
4186,125.27
9038,168.08
34422,181.45
5490,124.35
12493,157.3
8125,204.34
43229,161.19
37156,156.09
23110,129.16
27119,141.61
43509,165.69
48197,115.73
35087,173.72
20219,220.69
4541,149.88
11584,177.34
17156,138.0
30798,154.92
45373,171.91
44631,128.74
48855,243.29
18818,158.11
35912,23.77
20238,220.03
42837,166.62
4940,181.36
5190,199.13
35708,175.23
16815,117.61
5990,164.4
38559,115.83
47043,109.85
31328,157.28
45936,169.53
8342,118.77
33834,145.85
42084,133.9
21964,235.08
26641,105.83
6071,207.78
25585,94.99
28349,166.03
36139,139.03
3501,167.61
7165,121.07
23201,115.42
17726,89.88
35926,124.92
11714,163.13
27520,130.15
47662,158.73
30211,287.01
23819,153.65
45832,125.55
23281,174.27
510,187.52
4417,195.41
16271,158.08
30411,175.79
16291,161.2
108,167.57
28486,184.95
13859,105.1
34260,130.57
967,208.65
16107,170.06
31147,149.23
21418,149.11
17003,167.19
44376,132.34
46611,173.07
38837,215.9
30774,157.38
4609,206.11
44261,124.03
2549,200.2
17538,154.41
39848,150.16
30053,158.89
29194,152.65
29074,166.4
18907,178.75
25778,139.04
41742,142.87
11243,199.7
1517,127.23
47586,169.22
1464,167.32
33243,121.18
11032,151.97
29106,106.97
39326,174.12
18886,175.53
43789,134.48
5942,198.21
44750,169.91
27777,137.79
23569,121.18
38454,163.44
378,229.22
5653,157.19
23572,254.21
5299,216.67
35230,179.85
42487,205.21
20434,163.84
14144,132.17
12005,124.7
25804,142.62
47301,146.66
2868,198.04
40005,133.59
27805,129.02
31558,121.58
32461,191.78
10386,158.63
26962,162.12
18353,163.6
25479,119.03
15082,160.71
34896,167.6
44732,145.02
15772,217.27
28444,207.68
37101,155.2
21451,198.72
49135,177.39
14577,157.09
46217,162.22
9299,125.27
6113,181.43
42447,219.89
8373,169.6
47326,140.41
46341,226.62
30312,185.9
41415,155.26
41532,157.75
10931,158.65
12473,165.43
46843,196.27
16542,145.6
48306,165.33
8358,207.79
1180,139.73
18949,156.04
29361,189.61
1802,119.18
20486,158.3
42681,161.22
37228,173.7
31234,95.9
19781,159.94
17355,167.83
46024,168.88
16842,212.17
42749,158.78
22391,161.97
19814,166.11
14881,173.07
33076,146.88
2044,207.22
42924,149.98
49503,206.15
39427,140.07
12598,94.96
42395,163.14
26765,203.3
40920,133.67
45954,164.2
30877,164.95
47744,108.74
29275,131.8
2859,182.96
40622,170.6
9740,173.85
13756,241.52
12669,121.44
28008,165.63
18869,168.59
16671,179.27
1347,199.11
43233,214.25
27024,211.57
9378,157.33
3103,195.6
5614,135.94
1428,135.15
23038,117.32
29160,153.79
49553,180.72
44070,233.68
16743,151.12
14559,170.39
33890,180.1
18274,114.23
32026,143.84
20319,162.29
9843,43.14
12152,94.8
31994,188.67
45181,158.95
22720,133.11
13558,166.29
6137,42.43
48216,183.48
5289,157.98
46936,154.28
27444,168.07
21204,177.23
14015,172.52
32343,174.9
7654,124.6
37576,190.05
10773,112.04
23701,41.43
23666,149.05
7901,162.11
17895,97.43
43066,145.33
22911,171.11
49812,211.53
41999,152.99
25067,169.75
31717,188.91
45601,236.49
2936,217.4
16585,143.95
2233,122.67
3593,198.85
42986,213.42
36156,186.05
47067,186.81
38475,177.18
46638,150.89
35026,163.6
4217,158.06
20815,114.18
8509,141.51
30145,143.95
7280,135.24
31212,167.11
45194,132.35
43541,122.49
34183,140.87
43809,214.61
33602,226.52
30266,166.96
21328,152.07
1333,138.86
22873,250.49
15160,141.4
46013,146.73
279,109.08
6647,214.14
26414,164.41
13903,197.16
6353,217.99
23336,151.12
49538,164.45
37825,223.69
6276,124.9
15600,166.73
22647,117.87
375,172.4
27792,179.67
2088,166.03
38501,186.52
9441,188.79
16349,141.16
20821,152.81
25050,182.02
19080,175.71
14349,157.03
45240,181.47
4901,114.21
6515,111.71
26886,105.98
38586,127.01
1147,152.41
12960,152.77
30288,227.55
40760,166.47
12991,144.94
46399,164.63
24535,150.95
15018,178.04
49530,134.08
44836,129.5
27834,159.66
45037,229.55
45169,164.71
17599,86.32
10369,155.04
47656,111.01
10701,93.02
49324,126.12
34048,135.95
29368,172.0
7282,134.63
39356,193.16
5138,154.28
397,157.84
20027,125.69
26033,93.56
45066,192.12
39508,134.87
12624,183.5
19176,154.52
49821,169.35
13392,208.96
4149,139.36
32711,212.8
41032,170.96
13207,186.36
47295,152.72
37990,108.92
19712,138.09
37294,132.53
43125,189.43
45925,159.81
13801,189.98
24350,236.97
29515,174.58
36557,156.88
27775,229.59
11779,161.13
35083,107.5
399,138.8
7568,146.54
14502,167.39
27345,182.01
23031,163.64
46069,156.78
49263,153.95
35332,216.34
46847,128.87
4215,166.22
5184,151.01
15608,154.09
44777,174.64
13059,124.55
34283,130.54
19610,130.33
15700,137.23
49101,164.16
37682,110.39
6988,157.85
22699,139.95
5501,150.14
4816,172.11
47632,36.88
43043,175.02
4572,131.55
22452,135.73
25286,176.09
4184,210.2
42830,169.86
3603,122.11
567,239.18
10963,112.74
23869,187.4
48978,149.61
47461,144.9
45713,121.7
18710,39.35
10576,212.32
6248,197.81
43047,146.52
15726,162.68
47337,150.1
34129,211.15
45156,19.0
32893,153.52
7606,116.24
6025,129.77
28660,148.34
23758,86.35
32745,123.53
25315,175.39
42799,217.78
1639,163.81
38835,168.87
19833,141.96
46071,205.2
17318,134.49
8994,229.72
41594,142.57
25273,182.67
3389,192.39
31580,223.45
47884,222.67
29457,171.34
9549,154.14
20197,191.03
38523,192.91
8687,184.32
30013,165.27
43589,99.02
36373,191.57
19731,158.45
34425,176.76
41374,205.4
24732,157.32
20553,157.05
8769,144.27
40619,169.25
46286,155.64
29495,96.08
30396,171.05
19927,180.37
4049,198.05
22614,161.45
30427,191.13
25944,244.21
42246,137.25
40449,196.47
31811,176.24
5765,156.89
5816,154.31
30048,230.22
7237,115.53
23039,186.38
41789,119.33
46410,167.58
15937,142.91
38936,188.19
9104,34.18
14303,169.13
26977,165.99
2680,203.98
13609,151.06
48692,285.79
7376,118.77
36890,248.41
2506,186.36
38284,164.81
21927,49.12
49396,152.75
23046,151.24
43896,181.88
15963,234.13
35879,207.95
19569,110.0
2715,164.57
15562,267.34
9698,213.53
28990,126.91
4771,164.11
9536,173.92
42245,185.45
37282,165.25
45748,225.04
22335,119.7
19665,110.84
15250,187.32
36227,173.13
17017,161.68
34126,160.61
31584,157.3
6376,60.28
43479,159.03
25203,119.15
15816,182.37
26771,176.12
16855,165.63
36262,169.13
438,206.57
30224,186.24
7316,112.93
4929,95.25
24682,117.51
16934,163.94
5243,163.96
4472,176.77
19601,157.16
8048,198.74
28457,106.51
14300,218.86
31964,111.81
40465,171.58
13067,171.84
38882,131.11
17832,135.0
29107,159.35
47858,174.93
4236,206.0
44793,133.77
38705,156.72
8724,180.97
29118,172.43
20764,181.18
17511,151.58
33856,148.09
27240,175.75
9410,155.25
14522,128.4
20796,162.1
43579,167.21
37704,143.02
23659,160.64
37355,151.87
40520,135.57
24529,189.07
5827,188.46
9620,173.06
35906,173.73
34953,210.57
27903,190.1
17757,169.08
30881,93.92
22866,157.55
14207,178.43
34772,168.89
36435,121.19
49091,148.4
17256,149.31
11672,202.09
42573,149.98
46689,189.63
42311,157.68
29133,144.63
9049,200.44
2623,152.16
6335,136.87
25864,130.01
44213,129.47
45328,155.19
32434,160.5
41788,132.88
32872,203.77
17397,218.04
7574,191.99
47292,191.33
16613,122.97
24801,217.17
23638,166.35
7830,151.76
17837,159.82
8709,181.73
3109,151.46
1417,234.86
31770,151.78
15103,139.8
21705,83.13
31069,251.87
3496,154.8
37364,109.7
37249,227.68
30815,169.27
35107,111.25
14899,141.17
16722,141.45
39446,211.92
16702,147.19
17732,160.16
31507,173.33
15136,123.4
14659,188.17
37295,199.24
24136,173.42
34107,214.66
45764,178.94
40432,125.0
29617,141.22
48603,122.56
18137,155.95
46642,199.59
28079,174.87
49766,184.07
30841,136.8
22859,202.34
2497,179.96
43265,135.95
38610,167.9
15389,212.4
11116,202.55
33099,166.69
10485,155.74
44853,168.37
47336,165.54
13596,183.13
32637,145.51
5776,119.43
41701,148.99
46643,218.51
29499,185.98
44763,179.78
14935,160.79
45957,211.71
5149,40.29
40381,177.31
34051,158.28
6550,169.6
46892,182.45
47964,162.62
48994,152.68
9659,141.84
10995,175.15
34656,131.91
28739,142.56
12308,104.27
49979,48.38
30466,223.85
25304,290.89
42047,153.4
1110,170.08
48227,140.39
42035,162.76
6011,210.66
29238,160.32
7556,156.23
47957,187.05
20398,135.99
9300,199.42
354,197.82
1134,151.49
45725,167.54
44381,161.15
32001,150.18
10945,166.92
22514,108.63
13984,101.73
3012,150.32
43601,185.69
42880,117.09
9230,199.11
32063,147.44
38716,153.23
18392,164.55
40714,149.26
39586,191.89
44507,141.88
29331,172.6
7641,215.93
12268,170.53
44041,106.61
18725,114.54
38358,32.35
40539,123.48
10045,151.32
2826,137.81
36329,157.85
26167,157.96
4033,169.36
15825,160.13
48014,252.03
2714,143.22
40693,178.69
13562,92.72
13152,173.51
34091,229.43
15466,149.74
17137,148.82
24633,206.28
25419,127.37
45605,113.22
2857,158.78
10086,183.68
5537,161.15
22567,212.16
48992,148.02
4078,176.72
18428,174.96
5982,157.82
49353,154.85
42777,126.81
9036,102.57
25673,95.14
31409,203.96
48742,212.55
11273,115.45
29009,110.06
42131,141.05
480,180.23
16215,174.16
36553,167.59
31843,131.95
30188,116.53
267,155.59
46780,150.91
28668,159.93
1091,101.67
44558,185.7
42740,228.89
39526,134.0
18343,159.55
42077,206.53
30579,161.43
3194,162.91
35964,164.66
30911,247.08
47878,186.86
2338,178.8
1198,154.72
46676,162.65
7779,155.18
9872,218.07
29596,174.12
30123,152.86
5135,139.94
14116,173.57
39950,152.43
20650,141.67
3008,170.8
38421,163.65
9569,147.28
10030,132.22
28826,165.8
16982,88.89
21023,149.18
30551,169.33
8935,126.64
42575,38.69
24317,40.07
24842,156.3
10569,150.94
26339,161.85
46413,143.15
40091,160.48
5511,113.19
34870,123.31
6340,110.63
43446,270.46
48299,137.97
48104,161.08
24647,144.52
6247,148.66
36773,165.39
2221,137.16
34105,178.42
33606,133.01
3931,159.34
22653,144.58
27360,135.93
7031,202.81
49137,166.56
775,136.09
574,150.11
44346,189.4
44089,157.17
1466,150.45
6168,148.87
3368,206.62
15308,48.97
3439,86.62
7493,129.68
24433,159.89
40726,159.9
36955,142.37
23147,179.89
10222,153.27
27790,129.58
38749,174.36
38674,226.44
48915,155.95
19086,175.93
43689,181.45
9772,164.76
34738,116.01
30391,148.18
6798,196.64
37271,151.59
